,Name,Position,Appearances,Clean sheets,Goals conceded,Tackles,Tackle success %,Last man tackles,Blocked shots,Interceptions,Clearances,Headed Clearance,Clearances off line,Recoveries,Duels won,Duels lost,Successful 50/50s,Aerial battles won,Aerial battles lost,Own goals,Errors leading to goal,Assists,Passes,Passes per match,Big chances created,Crosses,Cross accuracy %,Through balls,Accurate long balls,Yellow cards,Red cards,Fouls,Offsides,Goals,Headed goals,Goals with right foot,Goals with left foot,Hit woodwork,Goals per match,Penalties scored,Freekicks scored,Shots,Shots on target,Shooting accuracy %,Big chances missed,Saves,Penalties saved,Punches,High Claims,Catches,Sweeper clearances,Throw outs,Goal Kicks
0,Rolando Aarons ,Midfielder,10,,,13,77%,,0,6,10,5,,23,29,34,5,4,6,,1,1,119,11.90,1,12,25%,0,7,1,0,9,0,1,0,0,1,0,0.10,0,0,2,1,50%,0,,,,,,,,
1,Almen Abdi ,Midfielder,32,,,83,78%,,10,32,24,9,,137,140,153,12,22,31,,0,0,938,29.31,4,55,31%,2,36,4,0,38,1,2,0,2,0,1,0.06,0,1,39,10,26%,1,,,,,,,,
2,Abdul Rahman Baba ,Defender,15,2,13,47,83%,0,1,23,32,13,1,76,67,65,8,8,13,0,1,1,526,35.07,0,31,16%,0,18,1,0,14,2,0,0,0,0,0,,,,,,,,,,,,,,,
3,Mehdi Abeid ,Midfielder,0,,,0,0%,,0,0,0,0,,0,0,0,0,0,0,,0,0,0,0.00,0,0,0%,0,0,0,0,0,0,0,0,0,0,0,0.00,0,0,0,0,0%,0,,,,,,,,
4,Tammy Abraham ,Forward,2,,,0,,,1,0,0,0,,,,,,,,,,0,10,5.00,0,2,,,,0,0,2,3,0,0,0,0,0,0.00,0,0,2,0,0%,0,,,,,,,,
5,Charlie Adam ,Midfielder,22,,,18,78%,,9,12,14,10,,73,68,76,10,17,10,,0,1,546,24.82,1,40,30%,1,68,6,1,30,0,1,0,1,0,0,0.05,0,0,29,4,14%,0,,,,,,,,
6,Emmanuel Adebayor ,Forward,12,,,2,,,2,1,7,4,,,,,,,,,,1,230,19.17,0,6,,,,1,0,10,11,1,1,0,0,1,0.08,0,0,12,4,33%,2,,,,,,,,
7,Adrián ,Goalkeeper,32,9,39,,,,,,,,,,,,,,,0,2,0,853,26.66,,,,,275,1,1,1,,0,,,,,,,,,,,,99,2,19,40,11,31,155,288
8,Ibrahim Afellay ,Midfielder,31,,,27,81%,,10,11,12,5,,162,117,110,41,14,16,,0,2,"1,274",41.10,3,68,16%,3,68,3,1,19,2,2,1,1,0,0,0.06,0,0,39,8,21%,1,,,,,,,,
9,Benik Afobe ,Forward,15,,,5,,,2,2,9,6,,,,,,,,,,0,224,14.93,0,4,,,,0,0,15,9,4,3,1,0,0,0.27,0,0,14,5,36%,4,,,,,,,,
10,Gabriel Agbonlahor ,Forward,15,,,6,,,2,2,9,1,,,,,,,,,,2,223,14.87,2,12,,,,0,0,21,3,1,0,0,1,0,0.07,0,0,10,6,60%,1,,,,,,,,
11,Sergio Agüero ,Forward,30,,,15,,,26,6,0,0,,,,,,,,,,2,727,24.23,5,20,,,,1,0,20,27,24,5,16,3,4,0.80,4,0,119,52,44%,16,,,,,,,,
12,Nathan Aké ,Defender,24,7,24,79,67%,0,3,76,72,26,1,80,135,73,10,34,25,0,0,0,609,25.38,1,42,12%,0,30,4,1,28,0,1,0,0,1,1,,,,,,,,,,,,,,,
13,Chuba Akpom ,Forward,0,,,0,,,0,0,0,0,,,,,,,,,,0,0,0.00,0,0,,,,0,0,0,0,0,0,0,0,0,0.00,0,0,0,0,0%,0,,,,,,,,
14,Alberto Moreno ,Defender,32,6,36,92,75%,1,13,63,48,9,0,138,143,122,16,14,15,0,0,4,"1,323",41.34,3,138,26%,1,85,3,0,29,6,1,0,0,1,1,,,,,,,,,,,,,,,
15,Marc Albrighton ,Midfielder,38,,,65,83%,,14,49,19,4,,214,154,172,51,11,38,,0,6,912,24.00,11,272,19%,4,57,4,0,21,3,2,0,1,1,1,0.05,0,0,42,11,26%,2,,,,,,,,
16,Toby Alderweireld ,Defender,38,13,35,45,71%,0,8,66,285,125,1,161,116,74,7,59,39,0,0,2,"2,076",54.63,1,16,13%,2,238,3,0,9,1,4,3,0,1,0,,,,,,,,,,,,,,,
17,Aleix García ,Midfielder,0,,,0,0%,,0,0,0,0,,0,0,0,0,0,0,,0,0,0,0.00,0,0,0%,0,0,0,0,0,0,0,0,0,0,0,0.00,0,0,0,0,0%,0,,,,,,,,
18,Trent Alexander-Arnold ,Defender,0,0,0,0,0%,0,0,0,0,0,0,0,0,0,0,0,0,0,0,0,0,0.00,0,0,0%,0,0,0,0,0,0,0,0,0,0,0,,,,,,,,,,,,,,,
19,Alexandre Pato ,Forward,2,,,3,,,0,0,1,1,,,,,,,,,,0,27,13.50,0,0,,,,0,0,2,2,1,0,1,0,0,0.50,1,0,4,2,50%,2,,,,,,,,
20,Allan ,Midfielder,0,,,0,0%,,0,0,0,0,,0,0,0,0,0,0,,0,0,0,0.00,0,0,0%,0,0,0,0,0,0,0,0,0,0,0,0.00,0,0,0,0,0%,0,,,,,,,,
21,Joe Allen ,Midfielder,19,,,28,68%,,3,14,8,3,,73,59,56,7,3,11,,0,1,410,21.58,1,5,40%,2,19,0,0,14,0,2,0,2,0,0,0.11,0,0,12,4,33%,1,,,,,,,,
22,Dele Alli ,Midfielder,33,,,71,75%,,27,61,32,18,,175,203,272,30,37,44,,0,9,"1,083",32.82,11,19,21%,18,26,7,0,50,6,10,1,9,0,3,0.30,0,0,74,28,38%,6,,,,,,,,
23,Ryan Allsop ,Goalkeeper,1,0,1,,,,,,,,,,,,,,,0,0,0,8,8.00,,,,,1,0,0,0,,0,,,,,,,,,,,,0,0,0,1,0,0,2,2
24,Morgan Amalfitano ,Midfielder,0,,,0,0%,,0,0,0,0,,0,0,0,0,0,0,,0,0,0,0.00,0,0,0%,0,0,0,0,0,0,0,0,0,0,0,0.00,0,0,0,0,0%,0,,,,,,,,
25,Daniel Amartey ,Defender,5,0,2,1,100%,0,0,2,2,0,0,7,4,6,1,2,3,0,0,0,66,13.20,0,0,0%,0,3,0,0,0,0,0,0,0,0,0,,,,,,,,,,,,,,,
26,Jordan Amavi ,Defender,10,2,13,36,83%,0,3,37,32,15,0,64,92,86,25,20,17,0,1,2,368,36.80,1,40,13%,0,19,2,0,18,0,0,0,0,0,0,,,,,,,,,,,,,,,
27,Marco Amelia ,Goalkeeper,0,0,0,,,,,,,,,,,,,,,0,0,0,0,0.00,,,,,0,0,0,0,,0,,,,,,,,,,,,0,0,0,0,0,0,0,0
28,Sammy Ameobi ,Midfielder,0,,,0,0%,,0,0,0,0,,0,0,0,0,0,0,,0,0,0,0.00,0,0,0%,0,0,0,0,0,0,0,0,0,0,0,0.00,0,0,0,0,0%,0,,,,,,,,
29,Andreas Pereira ,Midfielder,4,,,1,100%,,0,1,0,0,,7,6,12,4,0,2,,0,0,49,12.25,0,11,36%,0,0,2,0,2,0,0,0,0,0,0,0.00,0,0,0,0,0%,0,,,,,,,,
30,Tony Andreu ,Midfielder,0,,,0,0%,,0,0,0,0,,0,0,0,0,0,0,,0,0,0,0.00,0,0,0%,0,0,0,0,0,0,0,0,0,0,0,0.00,0,0,0,0,0%,0,,,,,,,,
31,Angeliño ,Defender,0,0,0,0,0%,0,0,0,0,0,0,0,0,0,0,0,0,0,0,0,0,0.00,0,0,0%,0,0,0,0,0,0,0,0,0,0,0,,,,,,,,,,,,,,,
32,Gabriele Angella ,Defender,0,0,0,0,0%,0,0,0,0,0,0,0,0,0,0,0,0,0,0,0,0,0.00,0,0,0%,0,0,0,0,0,0,0,0,0,0,0,,,,,,,,,,,,,,,
33,Victor Anichebe ,Forward,10,,,2,,,6,2,8,6,,,,,,,,,,0,108,10.80,1,2,,,,0,0,2,4,0,0,0,0,2,0.00,0,0,13,4,31%,1,,,,,,,,
34,Vurnon Anita ,Midfielder,28,,,74,72%,,2,56,40,15,,160,110,102,9,16,21,,0,3,990,35.36,0,28,18%,2,53,6,0,29,0,1,0,0,1,0,0.04,0,0,8,2,25%,0,,,,,,,,
35,Michail Antonio ,Forward,26,,,37,70%,,11,57,45,22,,129,157,151,47,39,34,,1,3,523,20.12,4,68,24%,1,31,3,0,27,11,8,6,1,1,2,0.31,0,0,54,20,37%,6,,,,,,,,
36,Ikechi Anya ,Midfielder,28,,,16,75%,,5,45,33,12,,102,61,52,14,14,21,,0,1,660,23.57,2,71,10%,0,28,0,0,1,1,0,0,0,0,0,0.00,0,0,10,1,10%,1,,,,,,,,
37,Giedrius Arlauskis ,Goalkeeper,1,0,1,,,,,,,,,,,,,,,0,0,0,5,5.00,,,,,2,0,0,0,,0,,,,,,,,,,,,0,0,0,0,0,1,1,0
38,Adam Armstrong ,Forward,0,,,0,,,0,0,0,0,,,,,,,,,,0,0,0.00,0,0,,,,0,0,0,0,0,0,0,0,0,0.00,0,0,0,0,0%,0,,,,,,,,
39,Marko Arnautovic ,Forward,34,,,53,,,12,28,14,2,,,,,,,,,,6,"1,081",31.79,11,56,,,,2,0,49,32,11,0,9,1,4,0.32,3,0,70,22,31%,10,,,,,,,,
40,Harry Arter ,Midfielder,21,,,57,82%,,11,25,9,2,,118,103,109,22,8,5,,0,0,"1,034",49.24,1,7,57%,5,80,7,0,23,0,1,0,1,0,0,0.05,0,0,36,7,19%,0,,,,,,,,
41,Mikel Arteta ,Midfielder,9,,,8,100%,,0,7,8,4,,17,20,15,0,8,4,,0,0,132,14.67,1,0,0%,1,7,1,0,8,0,0,0,0,0,1,0.00,0,0,1,1,100%,1,,,,,,,,
42,Christian Atsu ,Midfielder,0,,,0,0%,,0,0,0,0,,0,0,0,0,0,0,,0,0,0,0.00,0,0,0%,0,0,0,0,0,0,0,0,0,0,0,0.00,0,0,0,0,0%,0,,,,,,,,
43,Charlie Austin ,Forward,7,,,5,,,3,0,7,2,,,,,,,,,,0,50,7.14,0,3,,,,0,0,3,2,1,1,0,0,0,0.14,0,0,8,2,25%,1,,,,,,,,
44,Jordan Ayew ,Forward,30,,,40,,,21,23,8,5,,,,,,,,,,0,800,26.67,4,43,,,,6,1,48,10,7,1,6,0,2,0.23,1,0,59,21,36%,1,,,,,,,,
45,César Azpilicueta ,Defender,37,8,50,114,75%,0,2,86,102,32,0,210,182,124,6,46,39,0,0,3,"1,798",48.59,3,57,19%,1,103,7,0,39,1,2,0,2,0,0,,,,,,,,,,,,,,,
46,Daniel Bachmann ,Goalkeeper,0,0,0,,,,,,,,,,,,,,,0,0,0,0,0.00,,,,,0,0,0,0,,0,,,,,,,,,,,,0,0,0,0,0,0,0,0
47,Leandro Bacuna ,Midfielder,31,,,48,90%,,7,56,53,16,,157,110,124,25,26,24,,2,0,"1,133",36.55,2,92,23%,2,93,8,0,36,2,1,0,1,0,1,0.03,0,0,32,9,28%,1,,,,,,,,
48,Leighton Baines ,Defender,18,4,26,34,59%,0,3,29,42,19,0,62,68,54,4,9,17,0,0,1,756,42.00,2,103,24%,0,57,0,0,6,4,2,0,0,2,1,,,,,,,,,,,,,,,
49,Nathan Baker ,Defender,0,0,0,0,0%,0,0,0,0,0,0,0,0,0,0,0,0,0,0,0,0,0.00,0,0,0%,0,0,0,0,0,0,0,0,0,0,0,,,,,,,,,,,,,,,
50,Dominic Ball ,Defender,0,0,0,0,0%,0,0,0,0,0,0,0,0,0,0,0,0,0,0,0,0,0.00,0,0,0%,0,0,0,0,0,0,0,0,0,0,0,,,,,,,,,,,,,,,
51,Mario Balotelli ,Forward,0,,,0,,,0,0,0,0,,,,,,,,,,0,0,0.00,0,0,,,,0,0,0,0,0,0,0,0,0,0.00,0,0,0,0,0%,0,,,,,,,,
52,Patrick Bamford ,Forward,13,,,5,,,2,2,3,1,,,,,,,,,,0,90,6.92,0,4,,,,0,0,8,3,0,0,0,0,1,0.00,0,0,10,4,40%,1,,,,,,,,
53,Barry Bannan ,Midfielder,0,,,0,0%,,0,0,0,0,,0,0,0,0,0,0,,0,0,0,0.00,0,0,0%,0,0,0,0,0,0,0,0,0,0,0,0.00,0,0,0,0,0%,0,,,,,,,,
54,Phil Bardsley ,Defender,11,0,18,31,81%,1,2,18,32,7,0,28,61,29,3,12,3,0,0,1,300,27.27,1,14,14%,1,17,1,0,12,0,0,0,0,0,0,,,,,,,,,,,,,,,
55,Brandon Barker ,Forward,0,,,0,,,0,0,0,0,,,,,,,,,,0,0,0.00,0,0,,,,0,0,0,0,0,0,0,0,0,0.00,0,0,0,0,0%,0,,,,,,,,
56,Ross Barkley ,Midfielder,38,,,34,65%,,38,17,18,15,,186,250,228,116,29,31,,0,8,"1,802",47.42,11,110,22%,19,103,4,0,29,5,8,0,7,1,5,0.21,2,0,95,29,31%,7,,,,,,,,
57,Daniel Barlaser ,Midfielder,0,,,0,0%,,0,0,0,0,,0,0,0,0,0,0,,0,0,0,0.00,0,0,0%,0,0,0,0,0,0,0,0,0,0,0,0.00,0,0,0,0,0%,0,,,,,,,,
58,Modou Barrow ,Forward,22,,,18,,,2,8,5,1,,,,,,,,,,2,206,9.36,1,28,,,,0,0,3,3,1,0,0,1,0,0.05,0,0,11,4,36%,0,,,,,,,,
59,Gareth Barry ,Midfielder,33,,,96,71%,,6,54,79,33,,239,193,140,18,56,27,,1,1,"2,061",62.45,3,33,27%,5,185,5,1,42,1,0,0,0,0,0,0.00,0,0,15,4,27%,1,,,,,,,,
60,Kyle Bartley ,Defender,5,0,6,9,67%,0,0,6,29,12,0,13,24,8,1,11,3,0,1,0,127,25.40,0,1,0%,0,5,2,0,4,0,0,0,0,0,0,,,,,,,,,,,,,,,
61,Sebastien Bassong ,Defender,32,4,56,27,74%,1,3,53,256,151,1,136,155,83,11,95,41,0,2,0,882,27.56,0,2,0%,0,74,4,0,25,3,1,0,0,1,0,,,,,,,,,,,,,,,
62,Asmir Begovic ,Goalkeeper,17,4,24,,,,,,,,,,,,,,,0,1,0,336,19.76,,,,,81,0,0,0,,0,,,,,,,,,,,,55,0,8,17,12,6,69,106
63,Valon Behrami ,Midfielder,21,,,66,71%,,0,49,10,5,,96,100,103,4,12,25,,1,1,508,24.19,1,3,67%,1,9,3,1,33,0,0,0,0,0,0,0.00,0,0,1,0,0%,0,,,,,,,,
64,Essaïd Belkalem ,Defender,0,0,0,0,0%,0,0,0,0,0,0,0,0,0,0,0,0,0,0,0,0,0.00,0,0,0%,0,0,0,0,0,0,0,0,0,0,0,,,,,,,,,,,,,,,
65,Héctor Bellerín ,Defender,36,18,33,58,81%,0,5,66,85,31,0,164,166,147,62,39,39,0,0,5,"1,689",46.92,9,109,17%,9,33,3,0,19,1,1,0,0,1,1,,,,,,,,,,,,,,,
66,Yohan Benalouane ,Defender,4,0,1,0,0%,0,0,6,4,2,0,1,3,4,0,3,1,0,0,0,14,3.50,0,1,0%,0,0,1,0,3,0,0,0,0,0,0,,,,,,,,,,,,,,,
67,Ismael Bennacer ,Midfielder,0,,,0,0%,,0,0,0,0,,0,0,0,0,0,0,,0,0,0,0.00,0,0,0%,0,0,0,0,0,0,0,0,0,0,0,0.00,0,0,0,0,0%,0,,,,,,,,
68,Joe Bennett ,Defender,0,0,0,0,0%,0,0,0,0,0,0,0,0,0,0,0,0,0,0,0,0,0.00,0,0,0%,0,0,0,0,0,0,0,0,0,0,0,,,,,,,,,,,,,,,
69,Nabil Bentaleb ,Midfielder,5,,,2,50%,,0,2,1,0,,10,8,8,1,5,2,,0,0,97,19.40,0,0,0%,0,2,1,0,3,0,0,0,0,0,0,0.00,0,0,3,2,67%,0,,,,,,,,
70,Christian Benteke ,Forward,29,,,8,,,16,0,13,10,,,,,,,,,,3,516,17.79,3,1,,,,2,0,29,17,9,3,6,0,1,0.31,1,0,61,20,33%,9,,,,,,,,
71,Saido Berahino ,Forward,31,,,18,,,11,7,1,1,,,,,,,,,,0,457,14.74,1,22,,,,0,0,18,10,4,0,3,1,1,0.13,0,0,35,11,31%,7,,,,,,,,
72,Steven Berghuis ,Forward,9,,,6,,,1,2,1,1,,,,,,,,,,2,86,9.56,1,18,,,,2,0,7,0,0,0,0,0,0,0.00,0,0,8,4,50%,1,,,,,,,,
73,Ryan Bertrand ,Defender,32,9,33,43,74%,0,3,72,88,38,1,133,124,120,17,37,32,0,0,3,"1,121",35.03,6,146,19%,1,56,6,0,30,0,1,0,0,1,0,,,,,,,,,,,,,,,
74,Muhamed Besic ,Midfielder,12,,,26,77%,,0,9,16,5,,45,47,33,14,5,5,,0,0,337,28.08,1,6,17%,1,23,1,0,5,0,0,0,0,0,1,0.00,0,0,4,2,50%,0,,,,,,,,
75,Krystian Bielik ,Defender,0,0,0,0,0%,0,0,0,0,0,0,0,0,0,0,0,0,0,0,0,0,0.00,0,0,0%,0,0,0,0,0,0,0,0,0,0,0,,,,,,,,,,,,,,,
76,Gael Bigirimana ,Midfielder,0,,,0,0%,,0,0,0,0,,0,0,0,0,0,0,,0,0,0,0.00,0,0,0%,0,0,0,0,0,0,0,0,0,0,0,0.00,0,0,0,0,0%,0,,,,,,,,
77,Jerome Binnom-Williams ,Defender,0,0,0,0,0%,0,0,0,0,0,0,0,0,0,0,0,0,0,0,0,0,0.00,0,0,0%,0,0,0,0,0,0,0,0,0,0,0,,,,,,,,,,,,,,,
78,Tyler Blackett ,Defender,0,0,0,0,0%,0,0,0,0,0,0,0,0,0,0,0,0,0,0,0,0,0.00,0,0,0%,0,0,0,0,0,0,0,0,0,0,0,,,,,,,,,,,,,,,
79,Corey Blackett-Taylor ,Midfielder,0,,,0,0%,,0,0,0,0,,0,0,0,0,0,0,,0,0,0,0.00,0,0,0%,0,0,0,0,0,0,0,0,0,0,0,0.00,0,0,0,0,0%,0,,,,,,,,
80,Jamal Blackman ,Goalkeeper,0,0,0,,,,,,,,,,,,,,,0,0,0,0,0.00,,,,,0,0,0,0,,0,,,,,,,,,,,,0,0,0,0,0,0,0,0
81,Daley Blind ,Defender,35,12,35,95,71%,0,2,80,119,56,1,274,165,123,21,34,55,0,0,1,"2,029",57.97,2,125,26%,1,171,2,0,27,0,1,0,0,1,0,,,,,,,,,,,,,,,
82,Jacob Blyth ,Forward,0,,,0,,,0,0,0,0,,,,,,,,,,0,0,0.00,0,0,,,,0,0,0,0,0,0,0,0,0,0.00,0,0,0,0,0%,0,,,,,,,,
83,Hiram Boateng ,Midfielder,1,,,0,0%,,1,0,0,0,,3,0,4,0,0,0,,0,0,4,4.00,0,0,0%,0,0,0,0,2,0,0,0,0,0,0,0.00,0,0,1,0,0%,0,,,,,,,,
84,Adam Bogdan ,Goalkeeper,2,0,4,,,,,,,,,,,,,,,0,1,0,39,19.50,,,,,11,0,0,0,,0,,,,,,,,,,,,2,0,1,2,0,1,9,17
85,Bojan ,Forward,27,,,18,,,7,15,1,0,,,,,,,,,,1,728,26.96,2,32,,,,2,0,9,3,7,1,4,2,0,0.26,2,0,36,15,42%,1,,,,,,,,
86,Yannick Bolasie ,Forward,26,,,26,,,13,10,27,15,,,,,,,,,,3,506,19.46,7,138,,,,2,0,25,17,5,1,2,2,1,0.19,0,0,57,26,46%,4,,,,,,,,
87,Wilfried Bony ,Forward,26,,,9,,,20,2,8,4,,,,,,,,,,3,408,15.69,3,1,,,,1,0,17,7,4,2,0,2,1,0.15,0,0,60,17,28%,4,,,,,,,,
88,Fabio Borini ,Forward,26,,,24,,,8,22,30,5,,,,,,,,,,2,550,21.15,3,29,,,,6,0,31,2,5,0,4,1,0,0.19,1,0,48,18,38%,3,,,,,,,,
89,Cameron Borthwick-Jackson ,Defender,10,1,6,8,75%,0,0,11,17,8,0,43,29,45,9,10,23,0,0,1,353,35.30,2,27,19%,0,12,0,0,8,0,0,0,0,0,0,,,,,,,,,,,,,,,
90,Artur Boruc ,Goalkeeper,32,7,51,,,,,,,,,,,,,,,0,5,0,743,23.22,,,,,166,2,0,1,,0,,,,,,,,,,,,77,2,8,47,8,24,168,268
91,Brad Smith ,Defender,4,0,5,11,91%,0,1,3,12,1,0,14,22,21,4,2,5,0,0,0,108,27.00,0,14,29%,0,5,1,1,7,0,0,0,0,0,0,,,,,,,,,,,,,,,
92,Robbie Brady ,Midfielder,36,,,101,78%,,12,57,89,33,,185,211,169,52,42,26,,1,2,"1,138",31.61,7,243,25%,4,75,3,0,41,4,3,0,1,2,2,0.08,0,0,53,19,36%,0,,,,,,,,
93,Cameron Brannagan ,Midfielder,3,,,5,60%,,0,2,0,0,,9,7,9,2,0,1,,0,0,124,41.33,1,6,33%,0,4,0,0,0,0,0,0,0,0,0,0.00,0,0,1,1,100%,0,,,,,,,,
94,Liam Bridcutt ,Midfielder,0,,,0,0%,,0,0,0,0,,0,0,0,0,0,0,,0,0,0,0.00,0,0,0%,0,0,0,0,0,0,0,0,0,0,0,0.00,0,0,0,0,0%,0,,,,,,,,
95,Miguel Britos ,Defender,24,7,28,25,56%,0,0,60,126,43,0,81,109,68,7,62,36,0,1,0,786,32.75,0,2,100%,0,103,7,0,19,0,0,0,0,0,0,,,,,,,,,,,,,,,
96,Leon Britton ,Midfielder,25,,,41,63%,,2,62,17,9,,138,84,80,16,9,12,,0,0,"1,000",40.00,0,2,0%,1,16,4,0,14,0,0,0,0,0,0,0.00,0,0,5,0,0%,0,,,,,,,,
97,Isaiah Brown ,Midfielder,0,,,0,0%,,0,0,0,0,,0,0,0,0,0,0,,0,0,0,0.00,0,0,0%,0,0,0,0,0,0,0,0,0,0,0,0.00,0,0,0,0,0%,0,,,,,,,,
98,Marcus Browne ,Midfielder,0,,,0,0%,,0,0,0,0,,0,0,0,0,0,0,,0,0,0,0.00,0,0,0%,0,0,0,0,0,0,0,0,0,0,0,0.00,0,0,0,0,0%,0,,,,,,,,
99,Chris Brunt ,Midfielder,22,,,28,79%,,3,37,68,27,,94,75,64,14,25,16,,1,3,621,28.23,2,103,27%,2,58,7,0,18,1,0,0,0,0,0,0.00,0,0,17,4,24%,0,,,,,,,,
100,Callum Buckley ,Defender,0,0,0,0,0%,0,0,0,0,0,0,0,0,0,0,0,0,0,0,0,0,0.00,0,0,0%,0,0,0,0,0,0,0,0,0,0,0,,,,,,,,,,,,,,,
101,Mark Bunn ,Goalkeeper,10,4,18,,,,,,,,,,,,,,,1,1,0,241,24.10,,,,,86,2,0,1,,0,,,,,,,,,,,,27,1,9,9,7,4,25,98
102,Reece Burke ,Defender,0,0,0,0,0%,0,0,0,0,0,0,0,0,0,0,0,0,0,0,0,0,0.00,0,0,0%,0,0,0,0,0,0,0,0,0,0,0,,,,,,,,,,,,,,,
103,Matt Butcher ,Midfielder,0,,,0,0%,,0,0,0,0,,0,0,0,0,0,0,,0,0,0,0.00,0,0,0%,0,0,0,0,0,0,0,0,0,0,0,0.00,0,0,0,0,0%,0,,,,,,,,
104,Jack Butland ,Goalkeeper,31,10,37,,,,,,,,,,,,,,,0,0,0,883,28.48,,,,,258,0,0,1,,0,,,,,,,,,,,,103,0,12,43,11,36,120,287
105,Sam Byram ,Defender,4,1,3,5,80%,0,0,12,11,5,0,16,12,11,0,3,3,0,0,0,95,23.75,0,10,20%,0,4,3,0,7,2,0,0,0,0,0,,,,,,,,,,,,,,,
106,Sinan Bytyqi ,Midfielder,0,,,0,0%,,0,0,0,0,,0,0,0,0,0,0,,0,0,0,0.00,0,0,0%,0,0,0,0,0,0,0,0,0,0,0,0.00,0,0,0,0,0%,0,,,,,,,,
107,Willy Caballero ,Goalkeeper,4,1,5,,,,,,,,,,,,,,,0,1,0,85,21.25,,,,,22,0,0,0,,0,,,,,,,,,,,,15,0,2,2,0,0,5,21
108,Yohan Cabaye ,Midfielder,33,,,107,75%,,20,120,17,5,,193,164,162,9,8,12,,0,1,"1,269",38.45,2,143,30%,3,95,7,0,38,0,5,0,5,0,2,0.15,3,0,67,21,31%,3,,,,,,,,
109,Rémy Cabella ,Midfielder,0,,,0,0%,,0,0,0,0,,0,0,0,0,0,0,,0,0,0,0.00,0,0,0%,0,0,0,0,0,0,0,0,0,0,0,0.00,0,0,0,0,0%,0,,,,,,,,
110,Gary Cahill ,Defender,23,2,38,22,82%,2,1,36,114,44,2,85,113,67,3,69,38,1,0,1,773,33.61,0,0,0%,1,29,2,0,17,1,2,0,1,1,0,,,,,,,,,,,,,,,
111,Geoff Cameron ,Midfielder,30,,,60,73%,,7,56,98,59,,166,166,128,28,70,40,,0,0,"1,128",37.60,1,16,6%,3,41,0,1,27,0,0,0,0,0,0,0.00,0,0,15,2,13%,0,,,,,,,,
112,Joel Campbell ,Forward,19,,,26,,,2,10,3,1,,,,,,,,,,2,342,18.00,4,11,,,,0,0,9,3,3,0,0,3,0,0.16,0,0,19,7,37%,2,,,,,,,,
113,Emre Can ,Midfielder,30,,,79,87%,,8,62,43,16,,204,191,172,39,45,40,,2,0,"1,793",59.77,6,9,0%,6,111,9,0,36,5,1,0,1,0,1,0.03,0,0,30,13,43%,0,,,,,,,,
114,Sergi Canós ,Forward,1,,,1,,,0,0,0,0,,,,,,,,,,0,5,5.00,0,0,,,,0,0,1,0,0,0,0,0,0,0.00,0,0,0,0,0%,0,,,,,,,,
115,Etienne Capoue ,Midfielder,33,,,95,71%,,11,82,45,16,,242,235,199,49,37,24,,0,1,"1,544",46.79,1,34,21%,3,111,7,0,53,2,0,0,0,0,0,0.00,0,0,35,8,23%,5,,,,,,,,
116,Baily Cargill ,Defender,0,0,0,0,0%,0,0,0,0,0,0,0,0,0,0,0,0,0,0,0,0,0.00,0,0,0%,0,0,0,0,0,0,0,0,0,0,0,,,,,,,,,,,,,,,
117,Josh Carmichael ,Midfielder,0,,,0,0%,,0,0,0,0,,0,0,0,0,0,0,,0,0,0,0.00,0,0,0%,0,0,0,0,0,0,0,0,0,0,0,0.00,0,0,0,0,0%,0,,,,,,,,
118,Michael Carrick ,Midfielder,28,,,43,63%,,6,44,36,14,,152,80,57,8,16,10,,0,0,"1,568",56.00,1,6,67%,4,110,4,0,11,0,0,0,0,0,1,0.00,0,0,7,1,14%,0,,,,,,,,
119,Tom Carroll ,Midfielder,19,,,15,53%,,0,14,4,2,,30,23,36,2,3,8,,0,0,338,17.79,0,12,25%,0,21,3,0,8,0,1,0,0,1,0,0.05,0,0,5,3,60%,0,,,,,,,,
120,Cameron Carter-Vickers ,Defender,0,0,0,0,0%,0,0,0,0,0,0,0,0,0,0,0,0,0,0,0,0,0.00,0,0,0%,0,0,0,0,0,0,0,0,0,0,0,,,,,,,,,,,,,,,
121,Craig Cathcart ,Defender,35,10,46,45,76%,0,2,63,171,87,0,121,132,67,8,68,42,1,1,0,"1,032",29.49,0,3,33%,0,116,3,0,9,0,1,0,0,1,0,,,,,,,,,,,,,,,
122,Lee Cattermole ,Midfielder,31,,,57,77%,,4,52,31,21,,142,111,140,13,26,25,,1,0,929,29.97,1,7,29%,8,66,8,0,40,0,0,0,0,0,0,0.00,0,0,11,1,9%,1,,,,,,,,
123,Steven Caulker ,Defender,6,1,2,2,100%,0,1,6,14,6,0,7,11,8,0,9,7,0,0,0,68,11.33,0,1,0%,0,1,0,0,0,0,0,0,0,0,0,,,,,,,,,,,,,,,
124,Petr Cech ,Goalkeeper,34,16,31,,,,,,,,,,,,,,,0,2,0,853,25.09,,,,,279,0,0,0,,0,,,,,,,,,,,,101,0,19,39,10,33,175,248
125,Cédric Soares ,Defender,24,5,19,70,79%,0,2,53,67,21,2,131,122,91,18,20,33,0,0,2,786,32.75,4,115,27%,0,66,3,0,18,2,0,0,0,0,0,,,,,,,,,,,,,,,
126,Bersant Celina ,Midfielder,1,,,1,100%,,0,0,0,0,,0,1,0,0,0,0,,0,1,12,12.00,1,4,50%,0,0,0,0,0,0,0,0,0,0,0,0.00,0,0,0,0,0%,0,,,,,,,,
127,Nacer Chadli ,Midfielder,29,,,11,73%,,6,8,16,7,,56,41,77,7,16,24,,0,2,378,13.03,4,15,27%,1,13,1,0,16,4,3,0,2,1,0,0.10,0,0,25,7,28%,3,,,,,,,,
128,Nathaniel Chalobah ,Midfielder,0,,,0,0%,,0,0,0,0,,0,0,0,0,0,0,,0,0,0,0.00,0,0,0%,0,0,0,0,0,0,0,0,0,0,0,0.00,0,0,0,0,0%,0,,,,,,,,
129,Marouane Chamakh ,Forward,10,,,7,,,0,1,3,3,,,,,,,,,,0,93,9.30,0,1,,,,1,0,7,4,0,0,0,0,0,0.00,0,0,2,1,50%,1,,,,,,,,
130,Calum Chambers ,Defender,12,2,3,8,100%,0,1,10,21,9,0,28,29,19,5,13,11,1,0,0,195,16.25,0,1,0%,1,6,2,0,6,0,0,0,0,0,0,,,,,,,,,,,,,,,
131,Cheick Tioté ,Midfielder,20,,,48,81%,,1,42,29,15,,125,112,95,15,35,23,,0,0,835,41.75,1,0,0%,0,44,5,0,31,0,0,0,0,0,0,0.00,0,0,1,0,0%,0,,,,,,,,
132,James Chester ,Defender,13,3,18,32,69%,0,0,24,50,20,0,46,62,42,3,21,13,0,0,0,327,25.15,0,14,7%,2,10,5,0,11,0,0,0,0,0,0,,,,,,,,,,,,,,,
133,Chicharito ,Forward,1,,,0,,,0,1,0,0,,,,,,,,,,0,14,14.00,0,0,,,,0,0,0,0,0,0,0,0,0,0.00,0,0,1,1,100%,1,,,,,,,,
134,Ben Chilwell ,Defender,0,0,0,0,0%,0,0,0,0,0,0,0,0,0,0,0,0,0,0,0,0,0.00,0,0,0%,0,0,0,0,0,0,0,0,0,0,0,,,,,,,,,,,,,,,
135,Pedro Chirivella ,Midfielder,1,,,0,0%,,0,0,1,0,,3,0,2,0,0,0,,0,0,33,33.00,0,0,0%,1,2,0,0,0,0,0,0,0,0,0,0.00,0,0,0,0,0%,0,,,,,,,,
136,Papiss Demba Cissé ,Forward,21,,,10,,,2,3,10,7,,,,,,,,,,0,405,19.29,0,8,,,,1,0,13,19,3,2,0,0,0,0.14,0,0,23,9,39%,1,,,,,,,,
137,Aly Cissokho ,Defender,18,3,40,26,73%,0,1,40,75,21,0,84,56,44,4,22,12,0,0,0,647,35.94,0,81,19%,0,36,3,1,13,0,0,0,0,0,0,,,,,,,,,,,,,,,
138,Ciaran Clark ,Defender,18,3,31,24,75%,0,0,47,127,60,0,68,93,58,9,50,30,0,2,0,559,31.06,1,1,100%,0,30,6,0,14,0,1,1,0,0,0,,,,,,,,,,,,,,,
139,Jake Clarke-Salter ,Defender,1,0,0,2,0%,0,0,0,0,0,0,0,2,1,0,0,1,0,0,0,6,6.00,0,0,0%,0,0,0,0,0,0,0,0,0,0,0,,,,,,,,,,,,,,,
140,Jordy Clasie ,Midfielder,22,,,42,88%,,6,55,28,8,,120,62,90,4,8,24,,0,0,768,34.91,0,19,32%,3,50,5,0,18,0,0,0,0,0,0,0.00,0,0,14,1,7%,0,,,,,,,,
141,Daniel Cleary ,Defender,0,0,0,0,0%,0,0,0,0,0,0,0,0,0,0,0,0,0,0,0,0,0.00,0,0,0%,0,0,0,0,0,0,0,0,0,0,0,,,,,,,,,,,,,,,
142,Tom Cleverley ,Midfielder,22,,,47,72%,,11,19,17,4,,98,96,83,13,19,19,,0,4,885,40.23,4,64,20%,2,50,1,0,11,1,2,1,0,1,2,0.09,0,0,24,7,29%,1,,,,,,,,
143,Gaël Clichy ,Defender,14,5,11,28,89%,0,0,50,40,14,0,77,59,46,15,12,9,0,0,1,693,49.50,2,27,33%,1,29,0,0,10,0,0,0,0,0,1,,,,,,,,,,,,,,,
144,Nathaniel Clyne ,Defender,33,10,45,84,75%,0,13,52,57,10,0,161,143,102,23,11,21,0,0,0,"1,510",45.76,1,81,14%,1,58,6,0,19,1,1,0,0,1,0,,,,,,,,,,,,,,,
145,Sebastián Coates ,Defender,16,2,30,45,82%,0,0,41,90,38,2,71,81,60,7,27,20,1,0,1,379,23.69,0,2,0%,0,28,4,0,17,0,0,0,0,0,0,,,,,,,,,,,,,,,
146,Jack Colback ,Midfielder,29,,,81,79%,,3,63,39,11,,168,156,125,7,25,20,,0,1,"1,066",36.76,1,59,29%,0,76,11,0,49,0,1,0,0,1,0,0.03,0,0,15,4,27%,0,,,,,,,,
147,Joe Cole ,Midfielder,0,,,0,0%,,0,0,0,0,,0,0,0,0,0,0,,0,0,0,0.00,0,0,0%,0,0,0,0,0,0,0,0,0,0,0,0.00,0,0,0,0,0%,0,,,,,,,,
148,Séamus Coleman ,Defender,28,7,34,58,79%,0,8,36,71,32,0,160,142,120,43,13,22,1,1,3,"1,044",37.29,3,93,15%,0,45,4,0,20,8,1,1,0,0,1,,,,,,,,,,,,,,,
149,Charlie Colkett ,Midfielder,0,,,0,0%,,0,0,0,0,,0,0,0,0,0,0,,0,0,0,0.00,0,0,0%,0,0,0,0,0,0,0,0,0,0,0,0.00,0,0,0,0,0%,0,,,,,,,,
150,James Collins ,Defender,19,5,14,18,83%,0,3,19,151,83,1,59,76,50,3,51,27,0,0,0,574,30.21,0,0,0%,0,55,3,1,12,1,0,0,0,0,0,,,,,,,,,,,,,,,
151,Fabricio Coloccini ,Defender,26,5,47,43,74%,0,3,61,97,42,1,106,88,77,4,32,33,1,0,0,849,32.65,0,4,0%,0,79,2,1,9,0,1,0,1,0,1,,,,,,,,,,,,,,,
152,Callum Connolly ,Defender,1,0,1,0,0%,0,0,0,3,3,0,1,0,1,0,0,1,0,0,0,8,8.00,0,2,0%,0,2,0,0,0,0,0,0,0,0,0,,,,,,,,,,,,,,,
153,Francis Coquelin ,Midfielder,26,,,72,79%,,3,76,22,12,,188,145,85,30,19,17,,0,0,"1,116",42.92,0,2,100%,3,56,5,1,24,0,0,0,0,0,0,0.00,0,0,8,0,0%,0,,,,,,,,
154,Jack Cork ,Midfielder,35,,,77,73%,,7,83,67,31,,199,209,162,32,58,56,,0,2,"1,712",48.91,3,24,8%,3,79,3,0,29,2,1,0,1,0,0,0.03,0,0,19,6,32%,1,,,,,,,,
155,Filippo Costa ,Defender,0,0,0,0,0%,0,0,0,0,0,0,0,0,0,0,0,0,0,0,0,0,0.00,0,0,0%,0,0,0,0,0,0,0,0,0,0,0,,,,,,,,,,,,,,,
156,Thibaut Courtois ,Goalkeeper,23,5,29,,,,,,,,,,,,,,,0,1,0,523,22.74,,,,,133,1,2,2,,0,,,,,,,,,,,,67,1,19,32,13,14,118,168
157,Craig Gardner ,Midfielder,34,,,51,76%,,10,30,24,7,,111,118,142,7,33,45,,0,3,616,18.12,3,113,21%,2,26,5,0,38,8,3,0,2,1,2,0.09,0,1,46,12,26%,3,,,,,,,,
158,Aaron Cresswell ,Defender,37,11,50,38,61%,0,10,70,88,41,1,168,121,109,12,40,34,0,3,4,"1,377",37.22,4,121,26%,1,115,1,0,22,1,2,0,0,2,1,,,,,,,,,,,,,,,
159,Luke Croll ,Defender,0,0,0,0,0%,0,0,0,0,0,0,0,0,0,0,0,0,0,0,0,0,0.00,0,0,0%,0,0,0,0,0,0,0,0,0,0,0,,,,,,,,,,,,,,,
160,Peter Crouch ,Forward,11,,,3,,,3,4,9,6,,,,,,,,,,1,152,13.82,1,1,,,,0,0,13,9,0,0,0,0,0,0.00,0,0,7,3,43%,0,,,,,,,,
161,Daniel Crowley ,Midfielder,0,,,0,0%,,0,0,0,0,,0,0,0,0,0,0,,0,0,0,0.00,0,0,0%,0,0,0,0,0,0,0,0,0,0,0,0.00,0,0,0,0,0%,0,,,,,,,,
162,Juan Cuadrado ,Midfielder,1,,,0,0%,,0,1,1,0,,4,3,2,1,0,1,,0,0,9,9.00,0,1,0%,0,1,0,0,0,0,0,0,0,0,0,0.00,0,0,1,1,100%,0,,,,,,,,
163,Cuco Martina ,Defender,15,1,15,37,73%,0,1,24,34,6,1,67,55,40,1,6,10,0,1,1,428,28.53,2,37,27%,1,41,1,0,15,2,1,0,1,0,0,,,,,,,,,,,,,,,
164,Josh Cullen ,Midfielder,1,,,0,0%,,0,0,1,0,,0,0,0,0,0,0,,0,0,0,0.00,0,0,0%,0,0,0,0,0,0,0,0,0,0,0,0.00,0,0,0,0,0%,0,,,,,,,,
165,Charlie Daniels ,Defender,37,7,63,75,83%,0,5,53,76,33,0,203,176,110,57,26,21,0,1,5,"1,692",45.73,3,127,25%,1,65,2,0,10,2,3,0,0,3,0,,,,,,,,,,,,,,,
166,Scott Dann ,Defender,35,8,44,35,69%,1,4,62,179,94,2,138,170,113,10,115,75,0,1,1,"1,116",31.89,0,5,20%,0,131,7,0,20,5,5,3,1,1,1,,,,,,,,,,,,,,,
167,Danny Graham ,Forward,10,,,1,,,0,5,6,3,,,,,,,,,,0,88,8.80,0,3,,,,0,0,8,1,0,0,0,0,0,0.00,0,0,4,2,50%,1,,,,,,,,
168,Karl Darlow ,Goalkeeper,9,3,11,,,,,,,,,,,,,,,0,0,0,215,23.89,,,,,76,0,0,0,,0,,,,,,,,,,,,23,1,9,20,2,8,29,76
169,Matteo Darmian ,Defender,28,8,18,84,82%,0,0,42,53,14,0,103,138,96,11,20,13,0,0,0,934,33.36,3,53,17%,0,40,8,0,27,4,1,0,0,1,0,,,,,,,,,,,,,,,
170,Tom Davies ,Midfielder,2,,,1,100%,,1,5,1,1,,5,5,5,2,0,1,,0,0,49,24.50,0,1,0%,0,2,0,0,2,0,0,0,0,0,0,0.00,0,0,1,0,0%,0,,,,,,,,
171,Keinan Davis ,Forward,0,,,0,,,0,0,0,0,,,,,,,,,,0,0,0.00,0,0,,,,0,0,0,0,0,0,0,0,0,0.00,0,0,0,0,0%,0,,,,,,,,
172,Craig Dawson ,Defender,38,10,48,59,69%,0,11,86,162,93,1,153,212,164,8,119,73,1,0,0,"1,115",29.34,3,130,22%,0,81,3,0,28,3,4,3,0,1,1,,,,,,,,,,,,,,,
173,Kevin De Bruyne ,Midfielder,25,,,28,86%,,10,18,13,8,,131,94,154,36,12,29,,1,9,"1,127",45.08,9,181,27%,15,48,2,0,16,8,7,0,7,0,1,0.28,0,0,49,25,51%,3,,,,,,,,
174,David de Gea ,Goalkeeper,34,15,33,,,,,,,,,,,,,,,1,1,0,854,25.12,,,,,260,0,0,0,,0,,,,,,,,,,,,83,0,13,20,6,18,106,287
175,Siem de Jong ,Midfielder,18,,,16,63%,,2,4,2,1,,21,32,43,3,7,19,,0,1,193,10.72,0,7,14%,0,5,0,0,7,0,0,0,0,0,0,0.00,0,0,8,3,38%,1,,,,,,,,
176,Ritchie de Laet ,Defender,12,0,16,25,92%,0,0,21,25,7,1,40,44,39,3,13,16,0,0,0,218,18.17,0,15,27%,0,15,1,0,6,0,1,0,1,0,0,,,,,,,,,,,,,,,
177,Josh Debayo ,Defender,0,0,0,0,0%,0,0,0,0,0,0,0,0,0,0,0,0,0,0,0,0,0.00,0,0,0%,0,0,0,0,0,0,0,0,0,0,0,,,,,,,,,,,,,,,
178,Mathieu Debuchy ,Defender,2,0,3,9,100%,0,1,3,1,0,0,12,17,10,1,6,2,0,0,0,79,39.50,0,5,0%,0,2,0,0,3,0,0,0,0,0,0,,,,,,,,,,,,,,,
179,Troy Deeney ,Forward,38,,,49,,,34,17,48,34,,,,,,,,,,7,"1,290",33.95,12,26,,,,6,0,50,18,13,3,10,0,1,0.34,6,0,94,32,34%,3,,,,,,,,
180,Jermain Defoe ,Forward,33,,,17,,,26,2,2,0,,,,,,,,,,1,425,12.88,2,13,,,,3,0,17,43,15,0,12,3,1,0.45,1,0,85,39,46%,7,,,,,,,,
181,Matej Delac ,Goalkeeper,0,0,0,,,,,,,,,,,,,,,0,0,0,0,0.00,,,,,0,0,0,0,,0,,,,,,,,,,,,0,0,0,0,0,0,0,0
182,Damien Delaney ,Defender,32,5,46,31,74%,1,2,56,204,111,0,124,145,93,4,96,61,2,1,3,"1,055",32.97,5,7,29%,0,114,2,0,18,0,2,1,1,0,1,,,,,,,,,,,,,,,
183,Fabian Delph ,Midfielder,17,,,26,50%,,3,22,8,1,,65,65,52,24,6,9,,0,0,483,28.41,1,7,14%,1,10,0,0,7,0,2,0,0,2,1,0.12,0,0,13,5,38%,0,,,,,,,,
184,Mousa Dembélé ,Midfielder,29,,,104,81%,,6,56,33,14,,223,249,156,83,31,28,,0,1,"1,378",47.52,0,4,25%,3,40,3,0,48,2,3,0,0,3,0,0.10,0,0,22,9,41%,1,,,,,,,,
185,Martín Demichelis ,Defender,20,3,18,20,80%,0,2,35,76,39,0,47,68,46,5,35,13,0,1,0,551,27.55,1,0,0%,0,23,3,0,12,0,0,0,0,0,0,,,,,,,,,,,,,,,
186,Jason Denayer ,Defender,0,0,0,0,0%,0,0,0,0,0,0,0,0,0,0,0,0,0,0,0,0,0.00,0,0,0%,0,0,0,0,0,0,0,0,0,0,0,,,,,,,,,,,,,,,
187,Memphis Depay ,Forward,29,,,13,,,18,10,8,5,,,,,,,,,,0,642,22.14,1,89,,,,2,0,20,8,2,0,1,1,2,0.07,0,0,57,17,30%,5,,,,,,,,
188,Gerard Deulofeu ,Forward,26,,,16,,,2,14,5,0,,,,,,,,,,8,523,20.12,9,141,,,,2,0,3,2,2,0,1,1,0,0.08,0,0,9,6,67%,1,,,,,,,,
189,Alessandro Diamanti ,Forward,3,,,3,,,0,1,1,1,,,,,,,,,,0,51,17.00,0,8,,,,0,0,1,0,0,0,0,0,0,0.00,0,0,1,0,0%,0,,,,,,,,
190,Diego Costa ,Forward,28,,,21,,,15,6,25,17,,,,,,,,,,6,824,29.43,4,12,,,,8,0,43,33,12,0,9,3,1,0.43,0,0,68,28,41%,9,,,,,,,,
191,Eric Dier ,Midfielder,37,,,80,80%,,9,80,70,43,,151,197,185,8,88,68,,0,2,"2,084",56.32,3,19,11%,5,120,10,0,52,0,3,2,1,0,0,0.08,0,0,30,7,23%,1,,,,,,,,
192,Dionatan Teixeira ,Defender,1,0,1,1,100%,0,0,0,3,1,0,3,2,0,0,1,0,0,0,0,7,7.00,0,0,0%,0,0,0,0,0,0,0,0,0,0,0,,,,,,,,,,,,,,,
193,Mame Biram Diouf ,Forward,26,,,18,,,6,5,18,5,,,,,,,,,,1,264,10.15,1,8,,,,3,0,21,8,5,5,0,0,0,0.19,0,0,31,16,52%,7,,,,,,,,
194,Sylvain Distin ,Defender,12,1,21,19,63%,0,1,24,47,18,0,40,59,27,6,33,19,0,0,0,450,37.50,0,0,0%,0,18,0,0,3,1,0,0,0,0,0,,,,,,,,,,,,,,,
195,Papy Djilobodji ,Defender,0,0,0,0,0%,0,0,0,0,0,0,0,0,0,0,0,0,0,0,0,0,0.00,0,0,0%,0,0,0,0,0,0,0,0,0,0,0,,,,,,,,,,,,,,,
196,George Dobson ,Midfielder,0,,,0,0%,,0,0,0,0,,0,0,0,0,0,0,,0,0,0,0.00,0,0,0%,0,0,0,0,0,0,0,0,0,0,0,0.00,0,0,0,0,0%,0,,,,,,,,
197,Joseph Dodoo ,Forward,1,,,0,,,0,0,0,0,,,,,,,,,,0,6,6.00,0,0,,,,0,0,2,0,0,0,0,0,0,0.00,0,0,0,0,0%,0,,,,,,,,
198,Janoi Donacien ,Defender,0,0,0,0,0%,0,0,0,0,0,0,0,0,0,0,0,0,0,0,0,0,0.00,0,0,0%,0,0,0,0,0,0,0,0,0,0,0,,,,,,,,,,,,,,,
199,Shaun Donnellan ,Defender,0,0,0,0,0%,0,0,0,0,0,0,0,0,0,0,0,0,0,0,0,0,0.00,0,0,0%,0,0,0,0,0,0,0,0,0,0,0,,,,,,,,,,,,,,,
200,Graham Dorrans ,Midfielder,21,,,23,65%,,3,25,12,4,,79,52,62,17,8,12,,0,1,724,34.48,1,14,21%,1,52,2,0,15,1,0,0,0,0,1,0.00,0,0,16,3,19%,0,,,,,,,,
201,Abdoulaye Doucouré ,Midfielder,0,,,0,0%,,0,0,0,0,,0,0,0,0,0,0,,0,0,0,0.00,0,0,0%,0,0,0,0,0,0,0,0,0,0,0,0.00,0,0,0,0,0%,0,,,,,,,,
202,Seydou Doumbia ,Forward,3,,,0,,,0,0,0,0,,,,,,,,,,0,8,2.67,0,0,,,,0,0,0,0,0,0,0,0,0,0.00,0,0,1,1,100%,0,,,,,,,,
203,Kieran Dowell ,Midfielder,2,,,0,0%,,0,0,0,0,,4,2,12,2,0,1,,0,0,30,15.00,0,5,0%,0,0,0,0,1,0,0,0,0,0,0,0.00,0,0,0,0,0%,0,,,,,,,,
204,Lloyd Doyley ,Defender,0,0,0,0,0%,0,0,0,0,0,0,0,0,0,0,0,0,0,0,0,0,0.00,0,0,0%,0,0,0,0,0,0,0,0,0,0,0,,,,,,,,,,,,,,,
205,Luke Dreher ,Midfielder,0,,,0,0%,,0,0,0,0,,0,0,0,0,0,0,,0,0,0,0.00,0,0,0%,0,0,0,0,0,0,0,0,0,0,0,0.00,0,0,0,0,0%,0,,,,,,,,
206,Daniel Drinkwater ,Midfielder,35,,,106,70%,,11,55,68,41,,342,191,203,31,29,44,,0,7,"1,984",56.69,10,47,23%,11,137,3,1,54,0,2,0,2,0,0,0.06,0,0,41,9,22%,3,,,,,,,,
207,Paul Dummett ,Defender,23,6,28,54,80%,0,1,42,88,44,0,64,117,69,7,47,31,0,1,0,673,29.26,0,34,21%,0,48,3,0,13,0,1,0,0,1,1,,,,,,,,,,,,,,,
208,Nathan Dyer ,Midfielder,13,,,4,75%,,2,1,0,0,,22,23,36,8,1,6,,0,1,74,5.69,1,6,33%,1,2,1,0,9,0,1,1,0,0,0,0.08,0,0,5,2,40%,0,,,,,,,,
209,Connor Dymond ,Midfielder,0,,,0,0%,,0,0,0,0,,0,0,0,0,0,0,,0,0,0,0.00,0,0,0%,0,0,0,0,0,0,0,0,0,0,0,0.00,0,0,0,0,0%,0,,,,,,,,
210,Edin Dzeko ,Forward,0,,,0,,,0,0,0,0,,,,,,,,,,0,0,0.00,0,0,,,,0,0,0,0,0,0,0,0,0,0.00,0,0,0,0,0%,0,,,,,,,,
211,Éder ,Forward,13,,,4,,,0,1,7,4,,,,,,,,,,0,86,6.62,0,2,,,,0,0,11,1,0,0,0,0,0,0.00,0,0,5,1,20%,0,,,,,,,,
212,Kyle Edwards ,Midfielder,0,,,0,,,0,0,0,0,,,,,,,,,,0,0,0.00,0,0,,,,0,0,0,0,0,0,0,0,0,0.00,0,0,0,0,0%,0,,,,,,,,
213,Joel Ekstrand ,Defender,0,0,0,0,0%,0,0,0,0,0,0,0,0,0,0,0,0,0,0,0,0,0.00,0,0,0%,0,0,0,0,0,0,0,0,0,0,0,,,,,,,,,,,,,,,
214,Robert Elliot ,Goalkeeper,21,4,37,,,,,,,,,,,,,,,0,1,0,603,28.71,,,,,233,1,0,0,,0,,,,,,,,,,,,59,0,18,38,5,10,81,200
215,Tommy Elphick ,Defender,12,0,23,11,45%,0,2,32,52,27,0,39,55,33,0,36,18,0,0,0,457,38.08,0,0,0%,0,27,1,0,10,1,1,1,0,0,0,,,,,,,,,,,,,,,
216,Emmanuel Emenike ,Forward,13,,,5,,,3,1,4,3,,,,,,,,,,0,142,10.92,0,6,,,,0,0,5,7,0,0,0,0,0,0.00,0,0,10,2,20%,2,,,,,,,,
217,Emmanuel Eboué ,Defender,0,0,0,0,0%,0,0,0,0,0,0,0,0,0,0,0,0,0,0,0,0,0.00,0,0,0%,0,0,0,0,0,0,0,0,0,0,0,,,,,,,,,,,,,,,
218,Marvin Emnes ,Forward,2,,,1,,,1,1,0,0,,,,,,,,,,0,14,7.00,0,1,,,,0,0,0,0,0,0,0,0,0,0.00,0,0,1,0,0%,0,,,,,,,,
219,Christian Eriksen ,Midfielder,35,,,47,87%,,23,34,25,8,,191,116,165,35,17,31,,0,13,"1,841",52.60,13,183,23%,12,77,2,0,13,0,6,0,5,1,4,0.17,0,2,100,42,42%,2,,,,,,,,
220,George Evans ,Midfielder,0,,,0,0%,,0,0,0,0,,0,0,0,0,0,0,,0,0,0,0.00,0,0,0%,0,0,0,0,0,0,0,0,0,0,0,0.00,0,0,0,0,0%,0,,,,,,,,
221,Diego Fabbrini ,Forward,0,,,0,,,0,0,0,0,,,,,,,,,,0,0,0.00,0,0,,,,0,0,0,0,0,0,0,0,0,0.00,0,0,0,0,0%,0,,,,,,,,
222,Lukasz Fabianski ,Goalkeeper,37,9,51,,,,,,,,,,,,,,,0,4,1,"1,000",27.03,,,,,271,1,0,1,,0,,,,,,,,,,,,115,0,34,81,15,20,204,300
223,Cesc Fàbregas ,Midfielder,37,,,103,73%,,12,23,19,9,,253,190,178,23,22,19,,0,7,"2,829",76.46,13,105,22%,33,184,5,0,38,4,5,0,5,0,0,0.14,2,1,45,19,42%,1,,,,,,,,
224,Radamel Falcao ,Forward,10,,,2,,,2,3,1,1,,,,,,,,,,0,84,8.40,0,0,,,,1,0,7,2,1,1,0,0,0,0.10,0,0,11,5,45%,0,,,,,,,,
225,David Faupala ,Forward,0,,,0,,,0,0,0,0,,,,,,,,,,0,0,0.00,0,0,,,,0,0,0,0,0,0,0,0,0,0.00,0,0,0,0,0%,0,,,,,,,,
226,Federico Fazio ,Defender,0,0,0,0,0%,0,0,0,0,0,0,0,0,0,0,0,0,0,0,0,0,0.00,0,0,0%,0,0,0,0,0,0,0,0,0,0,0,,,,,,,,,,,,,,,
227,Adam Federici ,Goalkeeper,6,0,15,,,,,,,,,,,,,,,0,1,0,108,18.00,,,,,36,0,0,0,,0,,,,,,,,,,,,13,0,4,3,2,2,22,31
228,Marouane Fellaini ,Midfielder,18,,,25,72%,,8,10,22,18,,91,103,123,17,49,45,,0,0,590,32.78,0,2,0%,0,15,2,0,33,4,1,0,1,0,1,0.06,0,0,23,8,35%,5,,,,,,,,
229,Leroy Fer ,Midfielder,11,,,21,81%,,1,13,15,9,,59,62,50,5,22,8,,0,2,441,40.09,0,0,0%,0,27,2,0,14,0,0,0,0,0,0,0.00,0,0,5,1,20%,0,,,,,,,,
230,Federico Fernández ,Defender,32,8,44,58,81%,0,2,80,217,124,0,170,166,119,4,87,60,2,1,1,"1,697",53.03,0,2,0%,2,83,3,0,31,2,1,0,0,0,1,,,,,,,,,,,,,,,
231,Fernandinho ,Midfielder,33,,,105,70%,,8,56,44,23,,189,210,201,30,43,45,,0,2,"1,872",56.73,5,11,27%,5,83,8,0,55,0,2,0,2,0,1,0.06,0,0,29,5,17%,0,,,,,,,,
232,Fernando ,Midfielder,24,,,60,83%,,4,43,36,20,,112,122,106,16,38,27,,0,0,915,38.13,0,1,100%,0,48,4,0,27,1,2,1,1,0,1,0.08,0,0,15,5,33%,4,,,,,,,,
233,Sam Field ,Midfielder,1,,,0,0%,,0,0,0,0,,2,1,1,0,0,1,,0,0,2,2.00,0,0,0%,0,0,0,0,0,0,0,0,0,0,0,0.00,0,0,0,0,0%,0,,,,,,,,
234,Mathieu Flamini ,Midfielder,16,,,31,65%,,2,35,25,7,,66,48,40,2,12,5,,0,0,627,39.19,0,5,20%,2,17,3,0,18,0,0,0,0,0,0,0.00,0,0,7,2,29%,2,,,,,,,,
235,Jon Flanagan ,Defender,5,2,5,11,82%,0,0,9,17,5,0,27,21,31,2,7,5,0,1,1,254,50.80,0,7,14%,0,5,1,0,7,0,0,0,0,0,0,,,,,,,,,,,,,,,
236,Steven Fletcher ,Forward,16,,,11,,,7,3,6,4,,,,,,,,,,0,290,18.13,1,8,,,,0,0,19,8,4,2,0,2,0,0.25,0,0,25,10,40%,1,,,,,,,,
237,Fernando Forestieri ,Forward,0,,,0,,,0,0,0,0,,,,,,,,,,0,0,0.00,0,0,,,,0,0,0,0,0,0,0,0,0,0.00,0,0,0,0,0%,0,,,,,,,,
238,Fraser Forster ,Goalkeeper,18,6,17,,,,,,,,,,,,,,,0,2,0,459,25.50,,,,,170,0,0,0,,0,,,,,,,,,,,,51,0,5,16,4,3,25,144
239,Ben Foster ,Goalkeeper,15,4,17,,,,,,,,,,,,,,,0,0,0,369,24.60,,,,,131,1,0,0,,0,,,,,,,,,,,,44,0,2,21,12,9,40,141
240,Timothy Fosu-Mensah ,Defender,8,1,1,12,92%,2,1,13,13,4,0,16,18,11,2,2,5,0,0,1,127,15.88,1,2,0%,1,4,1,0,2,0,0,0,0,0,0,,,,,,,,,,,,,,,
241,Simon Francis ,Defender,38,6,67,105,73%,0,3,88,206,118,2,231,254,163,30,108,62,0,0,4,"2,106",55.42,1,100,25%,0,179,5,1,35,2,0,0,0,0,0,,,,,,,,,,,,,,,
242,Francisco Júnior ,Midfielder,0,,,0,0%,,0,0,0,0,,0,0,0,0,0,0,,0,0,0,0.00,0,0,0%,0,0,0,0,0,0,0,0,0,0,0,0.00,0,0,0,0,0%,0,,,,,,,,
243,Ezekiel Fryers ,Defender,0,0,0,0,0%,0,0,0,0,0,0,0,0,0,0,0,0,0,0,0,0,0.00,0,0,0%,0,0,0,0,0,0,0,0,0,0,0,,,,,,,,,,,,,,,
244,Christian Fuchs ,Defender,32,15,20,99,78%,0,6,98,122,55,1,215,167,137,7,49,34,0,0,4,"1,180",36.88,7,127,27%,4,91,4,0,33,0,0,0,0,0,0,,,,,,,,,,,,,,,
245,Ryan Fulton ,Goalkeeper,0,0,0,,,,,,,,,,,,,,,0,0,0,0,0.00,,,,,0,0,0,0,,0,,,,,,,,,,,,0,0,0,0,0,0,0,0
246,Ramiro Funes Mori ,Defender,28,6,35,41,76%,1,2,66,217,91,0,146,139,75,12,76,45,0,0,1,"1,238",44.21,1,6,67%,0,107,4,1,8,2,4,2,1,1,0,,,,,,,,,,,,,,,
247,Gabriel Paulista ,Defender,21,10,16,43,65%,3,1,61,112,38,0,134,106,57,3,51,32,0,1,0,"1,110",52.86,0,0,0%,1,34,4,1,9,0,1,1,0,0,1,,,,,,,,,,,,,,,
248,Sam Gallagher ,Forward,0,,,0,,,0,0,0,0,,,,,,,,,,0,0,0.00,0,0,,,,0,0,0,0,0,0,0,0,0,0.00,0,0,0,0,0%,0,,,,,,,,
249,Brendan Galloway ,Defender,15,2,20,50,60%,0,3,21,30,5,1,58,93,56,7,7,12,0,0,1,396,26.40,1,13,23%,0,9,2,0,9,0,0,0,0,0,0,,,,,,,,,,,,,,,
250,Cristian Gamboa ,Defender,1,0,0,2,50%,0,0,2,0,0,0,3,3,2,0,0,0,0,0,0,12,12.00,0,2,0%,0,0,1,0,1,1,0,0,0,0,0,,,,,,,,,,,,,,,
251,Luke Garbutt ,Defender,0,0,0,0,0%,0,0,0,0,0,0,0,0,0,0,0,0,0,0,0,0,0.00,0,0,0%,0,0,0,0,0,0,0,0,0,0,0,,,,,,,,,,,,,,,
252,Gary Gardner ,Midfielder,0,,,0,0%,,0,0,0,0,,0,0,0,0,0,0,,0,0,0,0.00,0,0,0%,0,0,0,0,0,0,0,0,0,0,0,0.00,0,0,0,0,0%,0,,,,,,,,
253,Florin Gardos ,Defender,0,0,0,0,0%,0,0,0,0,0,0,0,0,0,0,0,0,0,0,0,0,0.00,0,0,0%,0,0,0,0,0,0,0,0,0,0,0,,,,,,,,,,,,,,,
254,Dwight Gayle ,Forward,16,,,11,,,4,3,3,1,,,,,,,,,,0,144,9.00,1,9,,,,1,1,20,2,3,0,3,0,1,0.19,0,1,22,9,41%,5,,,,,,,,
255,Paulo Gazzaniga ,Goalkeeper,2,0,3,,,,,,,,,,,,,,,0,0,0,54,27.00,,,,,20,0,0,0,,0,,,,,,,,,,,,7,0,0,1,0,2,9,18
256,Rudy Gestede ,Forward,32,,,11,,,11,6,29,16,,,,,,,,,,2,597,18.66,2,2,,,,2,0,24,6,5,3,1,1,2,0.16,0,0,61,18,30%,6,,,,,,,,
257,Emanuele Giaccherini ,Midfielder,0,,,0,0%,,0,0,0,0,,0,0,0,0,0,0,,0,0,0,0.00,0,0,0%,0,0,0,0,0,0,0,0,0,0,0,0.00,0,0,0,0,0%,0,,,,,,,,
258,Kieran Gibbs ,Defender,15,0,6,12,75%,0,1,11,10,5,0,27,28,28,2,8,13,0,0,0,198,13.20,0,9,22%,2,3,0,0,3,2,1,0,0,1,0,,,,,,,,,,,,,,,
259,Darron Gibson ,Midfielder,7,,,4,0%,,0,4,15,7,,18,14,11,3,7,1,,0,1,181,25.86,1,0,0%,0,23,3,0,4,0,0,0,0,0,0,0.00,0,0,2,1,50%,0,,,,,,,,
260,Carles Gil ,Midfielder,23,,,22,82%,,4,10,5,2,,76,79,89,29,1,4,,0,0,730,31.74,1,77,23%,0,22,3,0,3,2,2,0,0,2,0,0.09,0,0,17,5,29%,0,,,,,,,,
261,Rene Gilmartin ,Goalkeeper,0,0,0,,,,,,,,,,,,,,,0,0,0,0,0.00,,,,,0,0,0,0,,0,,,,,,,,,,,,0,0,0,0,0,0,0,0
262,Olivier Giroud ,Forward,38,,,34,,,21,10,26,17,,,,,,,,,,6,839,22.08,9,25,,,,2,0,40,26,16,7,1,8,3,0.42,1,0,101,43,43%,13,,,,,,,,
263,Shay Given ,Goalkeeper,3,0,7,,,,,,,,,,,,,,,0,0,0,58,19.33,,,,,31,1,0,0,,0,,,,,,,,,,,,7,0,0,1,1,2,7,24
264,George Glendon ,Midfielder,0,,,0,0%,,0,0,0,0,,0,0,0,0,0,0,,0,0,0,0.00,0,0,0%,0,0,0,0,0,0,0,0,0,0,0,0.00,0,0,0,0,0%,0,,,,,,,,
265,Tom Glover ,Goalkeeper,0,0,0,,,,,,,,,,,,,,,0,0,0,0,0.00,,,,,0,0,0,0,,0,,,,,,,,,,,,0,0,0,0,0,0,0,0
266,Serge Gnabry ,Forward,1,,,0,,,0,0,0,0,,,,,,,,,,0,7,7.00,0,1,,,,0,0,2,0,0,0,0,0,0,0.00,0,0,2,1,50%,0,,,,,,,,
267,Joseph Gomez ,Defender,5,3,5,12,83%,0,0,12,18,9,0,29,24,33,2,9,9,0,0,1,222,44.40,0,7,14%,1,9,3,0,9,0,0,0,0,0,0,,,,,,,,,,,,,,,
268,Bafétimbi Gomis ,Forward,33,,,7,,,15,6,19,12,,,,,,,,,,0,509,15.42,4,3,,,,0,0,17,38,6,0,5,1,2,0.18,1,0,59,17,29%,6,,,,,,,,
269,Lynden Gooch ,Midfielder,0,,,0,0%,,0,0,0,0,,0,0,0,0,0,0,,0,0,0,0.00,0,0,0%,0,0,0,0,0,0,0,0,0,0,0,0.00,0,0,0,0,0%,0,,,,,,,,
270,Curtis Good ,Defender,0,0,0,0,0%,0,0,0,0,0,0,0,0,0,0,0,0,0,0,0,0,0.00,0,0,0%,0,0,0,0,0,0,0,0,0,0,0,,,,,,,,,,,,,,,
271,Kenji Gorré ,Forward,0,,,0,0%,,0,0,0,0,,0,0,0,0,0,0,,0,0,0,0.00,0,0,0%,0,0,0,0,0,0,0,0,0,0,0,0.00,0,0,0,0,0%,0,,,,,,,,
272,Dan Gosling ,Midfielder,34,,,73,71%,,11,52,21,9,,156,184,203,37,35,43,,0,1,"1,194",35.12,2,6,17%,3,40,6,0,31,1,3,1,2,0,1,0.09,0,0,40,11,28%,4,,,,,,,,
273,Sean Goss ,Midfielder,0,,,0,0%,,0,0,0,0,,0,0,0,0,0,0,,0,0,0,0.00,0,0,0%,0,0,0,0,0,0,0,0,0,0,0,0.00,0,0,0,0,0%,0,,,,,,,,
274,Yoan Gouffran ,Midfielder,8,,,6,67%,,1,6,3,0,,20,12,22,1,4,6,,0,0,92,11.50,0,4,25%,0,7,0,0,3,0,0,0,0,0,0,0.00,0,0,3,1,33%,1,,,,,,,,
275,Lewis Grabban ,Forward,21,,,11,,,3,2,1,1,,,,,,,,,,0,309,14.71,0,13,,,,2,0,9,6,1,0,1,0,0,0.05,0,0,19,9,47%,2,,,,,,,,
276,Max-Alain Gradel ,Forward,14,,,23,,,7,13,5,2,,,,,,,,,,2,286,20.43,0,46,,,,1,0,11,3,1,0,1,0,0,0.07,0,0,18,6,33%,2,,,,,,,,
277,Conor Grant ,Midfielder,0,,,0,0%,,0,0,0,0,,0,0,0,0,0,0,,0,0,0,0.00,0,0,0%,0,0,0,0,0,0,0,0,0,0,0,0.00,0,0,0,0,0%,0,,,,,,,,
278,Jake Gray ,Midfielder,0,,,0,0%,,0,0,0,0,,0,0,0,0,0,0,,0,0,0,0.00,0,0,0%,0,0,0,0,0,0,0,0,0,0,0,0.00,0,0,0,0,0%,0,,,,,,,,
279,Jack Grealish ,Midfielder,16,,,6,100%,,8,14,1,0,,55,48,54,24,1,11,,0,0,316,19.75,1,20,10%,0,11,1,0,6,0,1,0,1,0,0,0.06,0,0,16,4,25%,0,,,,,,,,
280,Andre Green ,Midfielder,2,,,2,100%,,1,3,0,0,,6,4,7,2,0,0,,0,0,23,11.50,0,8,38%,0,1,0,0,0,0,0,0,0,0,0,0.00,0,0,1,0,0%,0,,,,,,,,
281,Rees Greenwood ,Midfielder,1,,,1,100%,,0,2,0,0,,2,2,3,1,0,1,,0,0,23,23.00,0,2,0%,0,1,0,0,1,0,0,0,0,0,0,0.00,0,0,0,0,0%,0,,,,,,,,
282,Matt Grimes ,Midfielder,1,,,1,0%,,1,0,0,0,,3,3,8,0,1,2,,0,0,44,44.00,0,1,0%,0,5,0,0,3,0,0,0,0,0,0,0.00,0,0,1,0,0%,0,,,,,,,,
283,Marko Grujic ,Midfielder,0,,,0,0%,,0,0,0,0,,0,0,0,0,0,0,,0,0,0,0.00,0,0,0%,0,0,0,0,0,0,0,0,0,0,0,0.00,0,0,0,0,0%,0,,,,,,,,
284,Adlène Guédioura ,Midfielder,18,,,13,77%,,2,16,1,1,,51,43,52,12,12,15,,0,2,251,13.94,1,43,21%,1,13,2,0,13,0,0,0,0,0,0,0.00,0,0,13,3,23%,0,,,,,,,,
285,Idrissa Gueye ,Midfielder,35,,,144,75%,,10,141,30,11,,344,295,199,69,31,27,,1,1,"1,869",53.40,0,15,20%,3,94,10,0,68,1,0,0,0,0,0,0.00,0,0,30,4,13%,0,,,,,,,,
286,Brad Guzan ,Goalkeeper,28,2,58,,,,,,,,,,,,,,,0,3,0,721,25.75,,,,,264,2,0,0,,0,,,,,,,,,,,,89,0,19,54,12,18,117,225
287,Ben Hamer ,Goalkeeper,0,0,0,,,,,,,,,,,,,,,0,0,0,0,0.00,,,,,0,0,0,0,,0,,,,,,,,,,,,0,0,0,0,0,0,0,0
288,Dean Hammond ,Midfielder,0,,,0,0%,,0,0,0,0,,0,0,0,0,0,0,,0,0,0,0.00,0,0,0%,0,0,0,0,0,0,0,0,0,0,0,0.00,0,0,0,0,0%,0,,,,,,,,
289,Brede Hangeland ,Defender,7,3,6,10,70%,1,1,10,60,31,0,26,45,27,6,26,12,0,1,0,242,34.57,0,0,0%,0,12,2,0,13,2,0,0,0,0,0,,,,,,,,,,,,,,,
290,Steve Harper ,Goalkeeper,0,0,0,,,,,,,,,,,,,,,0,0,0,0,0.00,,,,,0,0,0,0,,0,,,,,,,,,,,,0,0,0,0,0,0,0,0
291,Joe Hart ,Goalkeeper,35,15,36,,,,,,,,,,,,,,,0,1,0,721,20.60,,,,,180,0,0,0,,0,,,,,,,,,,,,71,0,39,35,2,26,130,221
292,Jakob Haugaard ,Goalkeeper,5,0,11,,,,,,,,,,,,,,,0,0,0,128,25.60,,,,,55,0,0,0,,0,,,,,,,,,,,,11,0,3,10,2,5,15,39
293,Eden Hazard ,Forward,31,,,21,,,11,13,4,3,,,,,,,,,,3,"1,415",45.65,3,44,,,,2,0,15,10,4,0,4,0,0,0.13,0,0,36,14,39%,1,,,,,,,,
294,Michael Hector ,Defender,0,0,0,0,0%,0,0,0,0,0,0,0,0,0,0,0,0,0,0,0,0,0.00,0,0,0%,0,0,0,0,0,0,0,0,0,0,0,,,,,,,,,,,,,,,
295,Jordan Henderson ,Midfielder,17,,,41,63%,,11,22,17,7,,113,74,55,8,21,10,,0,3,939,55.24,1,47,26%,3,79,1,0,10,3,2,0,2,0,1,0.12,0,0,26,6,23%,0,,,,,,,,
296,Stephen Hendrie ,Defender,0,0,0,0,0%,0,0,0,0,0,0,0,0,0,0,0,0,0,0,0,0,0.00,0,0,0%,0,0,0,0,0,0,0,0,0,0,0,,,,,,,,,,,,,,,
297,Wayne Hennessey ,Goalkeeper,29,8,36,,,,,,,,,,,,,,,1,2,0,758,26.14,,,,,221,1,0,0,,0,,,,,,,,,,,,80,0,3,32,7,17,107,247
298,Doneil Henry ,Defender,0,0,0,0,0%,0,0,0,0,0,0,0,0,0,0,0,0,0,0,0,0,0.00,0,0,0%,0,0,0,0,0,0,0,0,0,0,0,,,,,,,,,,,,,,,
299,Rushian Marcus Amari Hepburn-Murphy ,Forward,1,,,0,,,0,0,0,0,,,,,,,,,,0,0,0.00,0,0,,,,0,0,0,0,0,0,0,0,0,0.00,0,0,0,0,0%,0,,,,,,,,
300,Ander Herrera ,Midfielder,27,,,56,80%,,11,24,17,5,,118,103,110,19,7,7,,0,2,"1,097",40.63,4,34,18%,7,46,4,0,28,1,3,1,2,0,0,0.11,1,0,24,6,25%,1,,,,,,,,
301,Jake Hesketh ,Midfielder,0,,,0,0%,,0,0,0,0,,0,0,0,0,0,0,,0,0,0,0.00,0,0,0%,0,0,0,0,0,0,0,0,0,0,0,0.00,0,0,0,0,0%,0,,,,,,,,
302,Heurelho Gomes ,Goalkeeper,38,11,49,,,,,,,,,,,,,,,0,3,0,957,25.18,,,,,345,4,0,2,,0,,,,,,,,,,,,121,3,66,62,18,24,178,378
303,Tony Hibbert ,Defender,1,0,0,1,100%,0,0,3,0,0,0,4,1,4,0,0,1,0,0,0,17,17.00,0,0,0%,0,1,0,0,0,0,0,0,0,0,0,,,,,,,,,,,,,,,
304,Tommie Hoban ,Defender,0,0,0,0,0%,0,0,0,0,0,0,0,0,0,0,0,0,0,0,0,0,0.00,0,0,0%,0,0,0,0,0,0,0,0,0,0,0,,,,,,,,,,,,,,,
305,José Holebas ,Defender,11,1,16,25,76%,0,8,30,34,13,0,83,76,54,22,24,8,0,0,0,413,37.55,0,26,12%,0,26,2,0,8,0,0,0,0,0,0,,,,,,,,,,,,,,,
306,Mason Holgate ,Defender,0,0,0,0,0%,0,0,0,0,0,0,0,0,0,0,0,0,0,0,0,0,0.00,0,0,0%,0,0,0,0,0,0,0,0,0,0,0,,,,,,,,,,,,,,,
307,Jordan Holmes ,Goalkeeper,0,0,0,,,,,,,,,,,,,,,0,0,0,0,0.00,,,,,0,0,0,0,,0,,,,,,,,,,,,0,0,0,0,0,0,0,0
308,George Honeyman ,Midfielder,1,,,0,0%,,0,0,1,0,,1,2,0,1,0,0,,0,0,5,5.00,0,0,0%,0,0,0,0,0,0,0,0,0,0,0,0.00,0,0,0,0,0%,0,,,,,,,,
309,Wes Hoolahan ,Midfielder,30,,,27,70%,,9,15,1,0,,169,105,169,35,3,14,,0,8,"1,113",37.10,7,54,26%,6,36,1,0,19,5,4,0,1,3,0,0.13,1,0,26,8,31%,2,,,,,,,,
310,Gary Hooper ,Forward,2,,,0,,,0,0,0,0,,,,,,,,,,0,5,2.50,0,0,,,,0,0,0,0,0,0,0,0,0,0.00,0,0,1,0,0%,0,,,,,,,,
311,James Horsfield ,Defender,0,0,0,0,0%,0,0,0,0,0,0,0,0,0,0,0,0,0,0,0,0,0.00,0,0,0%,0,0,0,0,0,0,0,0,0,0,0,,,,,,,,,,,,,,,
312,Tim Howard ,Goalkeeper,25,7,35,,,,,,,,,,,,,,,0,0,0,606,24.24,,,,,135,1,0,2,,0,,,,,,,,,,,,81,0,9,29,6,14,185,233
313,Sam Howes ,Goalkeeper,0,0,0,,,,,,,,,,,,,,,0,0,0,0,0.00,,,,,0,0,0,0,,0,,,,,,,,,,,,0,0,0,0,0,0,0,0
314,Jonny Howson ,Midfielder,36,,,76,82%,,13,42,66,33,,188,154,200,28,32,77,,0,4,"1,284",35.67,4,30,33%,1,63,7,0,27,3,3,1,1,1,0,0.08,0,0,35,9,26%,0,,,,,,,,
315,Cameron Humphreys-Grant ,Defender,0,0,0,0,0%,0,0,0,0,0,0,0,0,0,0,0,0,0,0,0,0,0.00,0,0,0%,0,0,0,0,0,0,0,0,0,0,0,,,,,,,,,,,,,,,
316,Jack Hunt ,Defender,0,0,0,0,0%,0,0,0,0,0,0,0,0,0,0,0,0,0,0,0,0,0.00,0,0,0%,0,0,0,0,0,0,0,0,0,0,0,,,,,,,,,,,,,,,
317,Robert Huth ,Defender,35,15,32,41,76%,0,4,76,258,109,0,147,175,114,3,116,67,0,0,0,810,23.14,1,0,0%,0,34,8,0,35,3,3,2,1,0,0,,,,,,,,,,,,,,,
318,Alan Hutton ,Defender,28,2,55,55,78%,0,1,52,52,27,0,104,135,84,12,34,16,2,2,1,843,30.11,3,121,20%,1,44,6,1,28,3,0,0,0,0,0,,,,,,,,,,,,,,,
319,Jordon Ibe ,Midfielder,27,,,10,90%,,11,1,0,0,,75,86,95,60,2,6,,0,2,481,17.81,1,59,20%,3,10,0,0,10,1,1,0,0,1,2,0.04,0,0,29,6,21%,1,,,,,,,,
320,Brown Ideye ,Forward,0,,,0,,,0,0,0,0,,,,,,,,,,0,0,0.00,0,0,,,,0,0,0,0,0,0,0,0,0,0.00,0,0,0,0,0%,0,,,,,,,,
321,Odion Ighalo ,Forward,37,,,27,,,24,15,27,15,,,,,,,,,,3,722,19.51,1,15,,,,4,0,47,27,15,1,11,3,2,0.41,0,0,109,48,44%,17,,,,,,,,
322,Kelechi Iheanacho ,Forward,26,,,14,,,7,3,6,2,,,,,,,,,,1,346,13.31,2,10,,,,1,0,17,3,8,1,1,5,0,0.31,0,0,28,12,43%,1,,,,,,,,
323,Giannelli Imbula ,Midfielder,14,,,14,100%,,4,7,5,3,,109,107,79,61,12,12,,0,0,772,55.14,0,5,0%,4,19,4,0,17,0,2,0,0,2,0,0.14,0,0,21,5,24%,0,,,,,,,,
324,Danny Ings ,Forward,6,,,1,,,3,1,2,1,,,,,,,,,,0,80,13.33,0,3,,,,1,0,7,2,2,1,0,1,0,0.33,0,0,10,5,50%,1,,,,,,,,
325,Gökhan Inler ,Midfielder,5,,,10,90%,,0,10,0,0,,27,20,19,1,5,8,,0,0,124,24.80,0,1,0%,0,11,0,0,3,0,0,0,0,0,0,0.00,0,0,2,0,0%,0,,,,,,,,
326,Stephen Ireland ,Midfielder,13,,,10,70%,,0,3,1,1,,21,14,18,2,2,6,,0,1,160,12.31,3,9,33%,4,9,2,0,4,0,0,0,0,0,0,0.00,0,0,3,0,0%,1,,,,,,,,
327,Lloyd Isgrove ,Midfielder,0,,,0,0%,,0,0,0,0,,0,0,0,0,0,0,,0,0,0,0.00,0,0,0%,0,0,0,0,0,0,0,0,0,0,0,0.00,0,0,0,0,0%,0,,,,,,,,
328,Juan Iturbe ,Forward,2,,,0,,,0,2,0,0,,,,,,,,,,0,23,11.50,0,2,,,,0,0,0,0,0,0,0,0,0,0.00,0,0,1,1,100%,0,,,,,,,,
329,Branislav Ivanovic ,Defender,33,8,44,66,76%,0,11,60,87,47,0,169,178,115,10,81,41,0,2,2,"1,301",39.42,2,74,12%,0,71,5,0,32,1,2,2,0,0,0,,,,,,,,,,,,,,,
330,Ivo Pinto ,Defender,10,0,19,17,71%,0,0,21,28,10,0,51,36,48,8,5,14,0,0,0,306,30.60,0,31,26%,0,18,0,0,9,3,0,0,0,0,0,,,,,,,,,,,,,,,
331,Alex Iwobi ,Forward,13,,,8,,,2,3,1,1,,,,,,,,,,2,368,28.31,3,8,,,,0,0,3,0,2,0,2,0,1,0.15,0,0,15,7,47%,0,,,,,,,,
332,Phil Jagielka ,Defender,21,7,25,39,72%,0,0,50,170,83,0,115,111,66,3,58,38,0,3,0,"1,036",49.33,0,3,33%,0,148,0,0,9,0,0,0,0,0,1,,,,,,,,,,,,,,,
333,Matty James ,Midfielder,0,,,0,0%,,0,0,0,0,,0,0,0,0,0,0,,0,0,0,0.00,0,0,0%,0,0,0,0,0,0,0,0,0,0,0,0.00,0,0,0,0,0%,0,,,,,,,,
334,Daryl Janmaat ,Defender,32,3,60,80,78%,0,8,56,83,29,0,157,153,134,38,27,28,0,0,4,"1,252",39.13,5,144,19%,3,79,5,1,29,5,2,0,2,0,0,,,,,,,,,,,,,,,
335,Adnan Januzaj ,Midfielder,5,,,1,100%,,2,0,1,0,,11,7,16,3,0,3,,0,0,42,8.40,0,2,0%,2,6,1,0,5,0,1,0,1,0,0,0.20,0,0,4,1,25%,0,,,,,,,,
336,Matthew Jarvis ,Midfielder,22,,,13,69%,,3,6,4,3,,36,31,51,6,6,19,,0,1,268,12.18,2,86,21%,0,9,0,0,4,2,1,0,0,1,0,0.05,0,0,10,4,40%,1,,,,,,,,
337,Mile Jedinak ,Midfielder,27,,,50,68%,,5,55,58,34,,115,169,112,5,102,41,,1,0,830,30.74,2,6,17%,0,51,6,0,36,2,0,0,0,0,1,0.00,0,0,13,1,8%,0,,,,,,,,
338,Nikica Jelavic ,Forward,13,,,3,,,1,3,4,3,,,,,,,,,,2,74,5.69,1,4,,,,1,0,7,6,1,0,0,1,0,0.08,0,0,11,1,9%,1,,,,,,,,
339,Carl Jenkinson ,Defender,20,0,23,24,83%,1,2,20,54,30,0,68,48,55,7,13,15,1,1,0,505,25.25,2,34,21%,0,31,3,1,13,0,2,0,1,1,0,,,,,,,,,,,,,,,
340,Cameron Jerome ,Forward,34,,,11,,,7,6,11,5,,,,,,,,,,2,405,11.91,0,18,,,,2,0,36,22,3,0,3,0,1,0.09,0,0,46,11,24%,12,,,,,,,,
341,Jiang Guangtai ,Defender,5,1,5,9,89%,0,1,6,12,5,0,12,14,10,0,4,2,0,0,0,92,18.40,0,5,0%,0,4,1,0,4,0,0,0,0,0,0,,,,,,,,,,,,,,,
342,João Teixeira ,Midfielder,1,,,1,100%,,0,0,0,0,,1,1,1,0,0,0,,0,0,3,3.00,0,0,0%,0,0,0,0,0,0,0,0,0,0,0,0.00,0,0,0,0,0%,0,,,,,,,,
343,Joel Pereira ,Goalkeeper,0,0,0,,,,,,,,,,,,,,,0,0,0,0,0.00,,,,,0,0,0,0,,0,,,,,,,,,,,,0,0,0,0,0,0,0,0
344,John Obi Mikel ,Midfielder,25,,,52,71%,,1,32,34,14,,157,100,109,20,18,29,,0,1,"1,243",49.72,0,3,0%,0,47,6,0,32,0,0,0,0,0,0,0.00,0,0,7,0,0%,0,,,,,,,,
345,Bradley Johnson ,Midfielder,4,,,5,80%,,5,0,3,3,,6,14,15,0,5,2,,0,0,67,16.75,0,3,67%,0,3,0,0,4,1,0,0,0,0,0,0.00,0,0,10,2,20%,1,,,,,,,,
346,Sam Johnstone ,Goalkeeper,0,0,0,,,,,,,,,,,,,,,0,0,0,0,0.00,,,,,0,0,0,0,,0,,,,,,,,,,,,0,0,0,0,0,0,0,0
347,Jon Toral ,Midfielder,0,,,0,0%,,0,0,0,0,,0,0,0,0,0,0,,0,0,0,0.00,0,0,0%,0,0,0,0,0,0,0,0,0,0,0,0.00,0,0,0,0,0%,0,,,,,,,,
348,Jonathan Williams ,Midfielder,1,,,0,0%,,0,0,0,0,,2,0,1,0,0,1,,0,0,5,5.00,0,0,0%,0,0,0,0,0,0,0,0,0,0,0,0.00,0,0,0,0,0%,0,,,,,,,,
349,Gethin Jones ,Defender,0,0,0,0,0%,0,0,0,0,0,0,0,0,0,0,0,0,0,0,0,0,0.00,0,0,0%,0,0,0,0,0,0,0,0,0,0,0,,,,,,,,,,,,,,,
350,Corey Jordan ,Defender,0,0,0,0,0%,0,0,0,0,0,0,0,0,0,0,0,0,0,0,0,0,0.00,0,0,0%,0,0,0,0,0,0,0,0,0,0,0,,,,,,,,,,,,,,,
351,Jordan Brown ,Forward,0,,,0,,,0,0,0,0,,,,,,,,,,0,0,0.00,0,0,,,,0,0,0,0,0,0,0,0,0,0.00,0,0,0,0,0%,0,,,,,,,,
352,Jordi Amat ,Defender,8,0,5,7,100%,0,0,16,28,13,0,22,20,13,2,7,8,0,0,0,193,24.13,0,0,0%,0,12,0,0,4,0,0,0,0,0,0,,,,,,,,,,,,,,,
353,Jordi Gómez ,Midfielder,6,,,9,78%,,1,6,7,1,,18,18,14,1,3,4,,0,0,156,26.00,0,8,38%,0,8,0,0,4,0,0,0,0,0,0,0.00,0,0,2,1,50%,0,,,,,,,,
354,José Crespo ,Defender,1,0,1,0,0%,0,0,1,0,0,0,6,1,3,0,0,1,0,0,0,27,27.00,0,0,0%,0,5,0,0,1,0,0,0,0,0,0,,,,,,,,,,,,,,,
355,José Enrique ,Defender,0,0,0,0,0%,0,0,0,0,0,0,0,0,0,0,0,0,0,0,0,0,0.00,0,0,0%,0,0,0,0,0,0,0,0,0,0,0,,,,,,,,,,,,,,,
356,José Fonte ,Defender,37,11,37,53,66%,0,2,81,224,82,0,163,154,85,2,91,42,0,0,1,"1,622",43.84,1,9,33%,0,136,4,1,21,1,2,2,0,0,0,,,,,,,,,,,,,,,
357,Joselu ,Forward,22,,,14,,,4,6,11,3,,,,,,,,,,1,379,17.23,1,14,,,,0,0,19,8,4,1,3,0,0,0.18,0,0,29,16,55%,6,,,,,,,,
358,Josh Robson ,Defender,0,0,0,0,0%,0,0,0,0,0,0,0,0,0,0,0,0,0,0,0,0,0.00,0,0,0%,0,0,0,0,0,0,0,0,0,0,0,,,,,,,,,,,,,,,
359,Juanfran ,Defender,0,0,0,0,0%,0,0,0,0,0,0,0,0,0,0,0,0,0,0,0,0,0.00,0,0,0%,0,0,0,0,0,0,0,0,0,0,0,,,,,,,,,,,,,,,
360,Juanmi ,Forward,12,,,1,,,2,0,0,0,,,,,,,,,,0,48,4.00,0,2,,,,0,0,1,1,0,0,0,0,0,0.00,0,0,5,1,20%,0,,,,,,,,
361,José Manuel Jurado ,Midfielder,27,,,37,65%,,8,22,7,2,,152,129,117,52,3,17,,0,0,956,35.41,5,69,23%,3,32,3,0,12,1,0,0,0,0,2,0.00,0,0,35,10,29%,0,,,,,,,,
362,Younes Kaboul ,Defender,23,7,31,43,81%,0,3,52,196,94,0,117,142,91,15,78,55,0,1,1,654,28.43,1,13,23%,2,51,3,1,15,1,0,0,0,0,0,,,,,,,,,,,,,,,
363,Sullay Kaikai ,Midfielder,1,,,2,50%,,2,0,0,0,,2,2,2,0,0,0,,0,0,13,13.00,1,6,17%,0,0,0,0,1,0,0,0,0,0,0,0.00,0,0,3,1,33%,0,,,,,,,,
364,Tomas Kalas ,Defender,0,0,0,0,0%,0,0,0,0,0,0,0,0,0,0,0,0,0,0,0,0,0.00,0,0,0%,0,0,0,0,0,0,0,0,0,0,0,,,,,,,,,,,,,,,
365,Glen Kamara ,Midfielder,0,,,0,0%,,0,0,0,0,,0,0,0,0,0,0,,0,0,0,0.00,0,0,0%,0,0,0,0,0,0,0,0,0,0,0,0.00,0,0,0,0,0%,0,,,,,,,,
366,Harry Kane ,Forward,38,,,29,,,34,21,31,17,,,,,,,,,,1,962,25.32,4,44,,,,5,0,42,30,25,1,19,5,7,0.66,5,0,158,75,47%,18,,,,,,,,
367,N'Golo Kanté ,Midfielder,37,,,175,71%,,3,156,57,27,,326,277,217,47,38,57,,0,4,"1,449",39.16,4,17,29%,7,63,3,0,43,0,1,0,1,0,0,0.03,0,0,21,5,24%,0,,,,,,,,
368,Jake Kean ,Goalkeeper,0,0,0,,,,,,,,,,,,,,,0,0,0,0,0.00,,,,,0,0,0,0,,0,,,,,,,,,,,,0,0,0,0,0,0,0,0
369,Will Keane ,Forward,1,,,0,,,0,0,0,0,,,,,,,,,,0,0,0.00,0,0,,,,0,0,0,0,0,0,0,0,0,0.00,0,0,0,0,0%,0,,,,,,,,
370,Martin Kelly ,Defender,13,3,15,32,81%,0,1,18,38,11,0,48,45,41,1,10,9,0,0,0,379,29.15,0,17,18%,0,16,3,0,11,0,0,0,0,0,0,,,,,,,,,,,,,,,
371,Kenedy ,Forward,14,,,14,,,3,13,6,1,,,,,,,,,,0,290,20.71,1,12,,,,0,0,6,2,1,0,0,1,0,0.07,0,0,13,3,23%,0,,,,,,,,
372,Jonjoe Kenny ,Defender,1,0,0,1,100%,0,1,1,4,1,0,2,1,3,0,0,1,0,0,0,22,22.00,0,0,0%,0,1,0,0,0,0,0,0,0,0,0,,,,,,,,,,,,,,,
373,Ryan Kent ,Forward,0,,,0,,,0,0,0,0,,,,,,,,,,0,0,0.00,0,0,,,,0,0,0,0,0,0,0,0,0,0.00,0,0,0,0,0%,0,,,,,,,,
374,Yann Kermorgant ,Forward,7,,,0,,,0,2,1,1,,,,,,,,,,0,59,8.43,0,1,,,,0,0,0,1,0,0,0,0,0,0.00,0,0,1,0,0%,0,,,,,,,,
375,Wahbi Khazri ,Midfielder,14,,,27,85%,,12,14,8,0,,65,64,110,21,5,14,,0,1,327,23.36,3,88,30%,1,18,3,0,18,4,2,0,2,0,2,0.14,0,1,24,5,21%,1,,,,,,,,
376,Ki Sung-Yueng ,Midfielder,28,,,32,72%,,7,28,18,7,,151,84,84,11,17,17,,0,1,"1,170",41.79,1,11,36%,5,99,4,0,19,1,2,0,2,0,1,0.07,0,0,24,7,29%,1,,,,,,,,
377,Joshua King ,Forward,31,,,29,,,15,9,12,9,,,,,,,,,,2,444,14.32,6,24,,,,1,0,37,16,6,0,6,0,1,0.19,0,0,54,20,37%,2,,,,,,,,
378,Stephen Kingsley ,Defender,4,0,3,5,40%,0,0,1,20,11,0,11,17,11,6,3,4,1,0,1,110,27.50,1,17,41%,0,6,0,0,2,0,0,0,0,0,0,,,,,,,,,,,,,,,
379,Jan Kirchhoff ,Midfielder,15,,,51,78%,,4,35,49,21,,107,112,104,11,35,42,,0,0,553,36.87,0,5,20%,0,38,0,0,20,0,0,0,0,0,0,0.00,0,0,8,2,25%,0,,,,,,,,
380,Timm Klose ,Defender,10,2,13,14,79%,0,0,24,102,67,0,41,61,28,2,40,16,1,0,0,257,25.70,0,0,0%,0,29,3,0,6,0,1,1,0,0,0,,,,,,,,,,,,,,,
381,Kyle Knoyle ,Defender,0,0,0,0,0%,0,0,0,0,0,0,0,0,0,0,0,0,0,0,0,0,0.00,0,0,0%,0,0,0,0,0,0,0,0,0,0,0,,,,,,,,,,,,,,,
382,Aleksandar Kolarov ,Defender,29,10,29,34,74%,0,13,46,71,43,0,153,132,103,24,47,25,0,0,3,"1,361",46.93,2,149,27%,1,63,3,0,20,3,3,0,0,3,3,,,,,,,,,,,,,,,
383,Kolo Touré ,Defender,14,2,14,22,77%,1,2,25,45,9,0,58,40,23,7,9,14,0,0,0,465,33.21,0,1,0%,0,22,1,0,2,0,1,1,0,0,0,,,,,,,,,,,,,,,
384,Vincent Kompany ,Defender,14,9,7,20,75%,0,3,23,78,41,0,90,65,30,7,35,6,0,0,0,678,48.43,0,0,0%,0,55,5,0,15,0,2,2,0,0,0,,,,,,,,,,,,,,,
385,Paul Konchesky ,Defender,0,0,0,0,0%,0,0,0,0,0,0,0,0,0,0,0,0,0,0,0,0,0.00,0,0,0%,0,0,0,0,0,0,0,0,0,0,0,,,,,,,,,,,,,,,
386,Arouna Koné ,Forward,25,,,25,,,9,9,7,4,,,,,,,,,,4,580,23.20,5,9,,,,1,0,15,4,5,1,2,2,0,0.20,0,0,36,14,39%,6,,,,,,,,
387,Laurent Koscielny ,Defender,33,15,31,47,55%,0,2,126,186,89,0,223,186,113,10,104,57,0,0,0,"1,691",51.24,1,3,0%,2,83,3,0,31,1,4,1,3,0,0,,,,,,,,,,,,,,,
388,Cheikhou Kouyaté ,Midfielder,34,,,95,77%,,10,77,57,29,,227,248,186,29,88,55,,0,2,"1,234",36.29,1,19,11%,1,41,5,1,36,2,5,2,3,0,4,0.15,0,0,45,18,40%,3,,,,,,,,
389,Libor Kozák ,Forward,4,,,3,,,2,0,5,5,,,,,,,,,,0,76,19.00,0,1,,,,0,0,5,5,0,0,0,0,0,0.00,0,0,6,2,33%,1,,,,,,,,
390,Andrej Kramaric ,Forward,2,,,1,,,0,0,0,0,,,,,,,,,,0,11,5.50,0,1,,,,0,0,1,0,0,0,0,0,0,0.00,0,0,1,1,100%,1,,,,,,,,
391,Tim Krul ,Goalkeeper,8,1,17,,,,,,,,,,,,,,,0,0,0,259,32.38,,,,,80,0,0,0,,0,,,,,,,,,,,,33,0,4,7,5,4,27,72
392,Kyle Lafferty ,Forward,1,,,0,,,0,0,1,0,,,,,,,,,,0,4,4.00,0,0,,,,0,0,0,0,0,0,0,0,0,0.00,0,0,0,0,0%,0,,,,,,,,
393,Adam Lallana ,Midfielder,30,,,59,80%,,15,20,35,12,,150,153,178,42,23,36,,0,6,989,32.97,8,63,21%,9,23,2,0,27,14,4,0,1,3,0,0.13,0,0,44,15,34%,3,,,,,,,,
394,Rickie Lambert ,Forward,19,,,0,,,3,0,6,5,,,,,,,,,,1,272,14.32,1,4,,,,2,0,6,2,1,0,1,0,0,0.05,1,0,14,4,29%,0,,,,,,,,
395,Erik Lamela ,Midfielder,34,,,81,67%,,21,27,5,2,,164,167,241,40,12,27,,0,9,985,28.97,11,139,27%,12,19,9,0,66,14,5,0,0,5,2,0.15,0,0,59,21,36%,5,,,,,,,,
396,Manuel Lanzini ,Midfielder,26,,,33,79%,,16,24,5,1,,161,124,101,57,4,11,,0,2,"1,093",42.04,3,44,27%,2,26,3,0,9,6,6,0,4,2,1,0.23,0,0,48,11,23%,4,,,,,,,,
397,Sebastian Larsson ,Midfielder,18,,,12,58%,,4,10,11,1,,40,28,36,4,6,7,,0,1,236,13.11,1,25,24%,1,10,2,0,9,0,0,0,0,0,0,0.00,0,0,7,1,14%,0,,,,,,,,
398,Jamaal Lascelles ,Defender,18,3,22,12,50%,1,0,28,77,47,0,55,60,29,3,42,13,0,1,0,486,27.00,0,1,0%,0,26,1,1,11,0,2,2,0,0,0,,,,,,,,,,,,,,,
399,Tom Lawrence ,Forward,0,,,0,,,0,0,0,0,,,,,,,,,,0,0,0.00,0,0,,,,0,0,0,0,0,0,0,0,0,0.00,0,0,0,0,0%,0,,,,,,,,
400,Miguel Layún ,Defender,3,0,0,2,100%,0,1,2,2,0,0,5,4,11,1,0,1,0,0,0,52,17.33,0,7,14%,0,2,0,0,1,0,1,0,1,0,0,,,,,,,,,,,,,,,
401,Leandro Rodríguez ,Forward,0,,,0,,,0,0,0,0,,,,,,,,,,0,0,0.00,0,0,,,,0,0,0,0,0,0,0,0,0,0.00,0,0,0,0,0%,0,,,,,,,,
402,Eddy Lecygne ,Midfielder,0,,,0,0%,,0,0,0,0,,0,0,0,0,0,0,,0,0,0,0.00,0,0,0%,0,0,0,0,0,0,0,0,0,0,0,0.00,0,0,0,0,0%,0,,,,,,,,
403,Joe Ledley ,Midfielder,19,,,16,69%,,3,33,26,6,,55,34,42,2,12,13,,0,0,399,21.00,0,5,0%,0,14,1,0,12,0,1,0,0,1,0,0.05,0,0,7,2,29%,0,,,,,,,,
404,Jordan Lee ,Defender,0,0,0,0,0%,0,0,0,0,0,0,0,0,0,0,0,0,0,0,0,0,0.00,0,0,0%,0,0,0,0,0,0,0,0,0,0,0,,,,,,,,,,,,,,,
405,Lee Chung-Yong ,Midfielder,13,,,15,87%,,1,6,3,0,,24,34,32,8,5,8,,0,0,177,13.62,1,18,33%,0,9,0,0,4,0,1,0,1,0,0,0.08,0,0,5,2,40%,0,,,,,,,,
406,Florian Lejeune ,Defender,0,0,0,0,0%,0,0,0,0,0,0,0,0,0,0,0,0,0,0,0,0,0.00,0,0,0%,0,0,0,0,0,0,0,0,0,0,0,,,,,,,,,,,,,,,
407,Jonathan Leko ,Midfielder,5,,,9,100%,,0,4,3,0,,22,24,34,11,0,2,,0,1,49,9.80,1,2,0%,0,0,0,0,7,1,0,0,0,0,0,0.00,0,0,0,0,0%,0,,,,,,,,
408,Aaron Lennon ,Midfielder,25,,,35,71%,,3,8,15,2,,55,83,63,26,1,4,,0,0,477,19.08,1,34,21%,0,13,1,0,13,1,5,0,5,0,0,0.20,0,0,18,11,61%,1,,,,,,,,
409,Jeremain Lens ,Midfielder,20,,,36,81%,,7,3,10,2,,82,109,144,26,21,19,,0,3,385,19.25,4,80,18%,6,14,3,1,27,4,3,0,1,2,1,0.15,0,0,26,7,27%,0,,,,,,,,
410,Joleon Lescott ,Defender,32,5,61,35,86%,0,3,85,186,101,1,170,122,77,7,71,34,0,1,0,"1,061",33.16,0,4,25%,0,93,2,0,16,0,1,0,0,1,1,,,,,,,,,,,,,,,
411,Anders Lindegaard ,Goalkeeper,0,0,0,,,,,,,,,,,,,,,0,0,0,0,0.00,,,,,0,0,0,0,,0,,,,,,,,,,,,0,0,0,0,0,0,0,0
412,Jesse Lingard ,Midfielder,25,,,38,74%,,8,15,11,0,,92,82,124,21,2,20,,0,1,712,28.48,2,22,9%,4,10,4,0,24,5,4,1,3,0,1,0.16,0,0,31,13,42%,3,,,,,,,,
413,Hugo Lloris ,Goalkeeper,37,13,34,,,,,,,,,,,,,,,0,3,0,"1,047",28.30,,,,,253,0,0,0,,0,,,,,,,,,,,,88,0,27,35,16,40,162,247
414,Ruben Loftus-Cheek ,Midfielder,13,,,11,82%,,5,5,4,2,,24,41,39,10,7,8,,0,0,243,18.69,0,1,0%,1,8,0,0,4,1,1,0,1,0,0,0.08,0,0,12,3,25%,0,,,,,,,,
415,Shane Long ,Forward,28,,,15,,,9,20,21,11,,,,,,,,,,4,595,21.25,3,51,,,,2,0,43,25,10,5,4,1,3,0.36,0,0,63,22,35%,12,,,,,,,,
416,Donald Love ,Defender,1,0,1,4,75%,0,0,1,0,0,0,6,6,3,2,0,1,0,0,0,26,26.00,0,1,0%,0,1,0,0,1,0,0,0,0,0,0,,,,,,,,,,,,,,,
417,Dejan Lovren ,Defender,24,8,24,34,74%,0,7,37,153,67,0,97,124,60,1,80,21,0,1,0,"1,052",43.83,1,4,25%,0,80,2,0,23,0,0,0,0,0,0,,,,,,,,,,,,,,,
418,Lucas Leiva ,Midfielder,27,,,108,79%,,3,52,26,15,,167,200,147,14,62,43,,0,1,"1,485",55.00,3,8,13%,5,84,8,0,49,1,0,0,0,0,0,0.00,0,0,9,3,33%,1,,,,,,,,
419,Luis Alberto ,Midfielder,0,,,0,0%,,0,0,0,0,,0,0,0,0,0,0,,0,0,0,0.00,0,0,0%,0,0,0,0,0,0,0,0,0,0,0,0.00,0,0,0,0,0%,0,,,,,,,,
420,Romelu Lukaku ,Forward,37,,,13,,,32,0,5,4,,,,,,,,,,6,"1,098",29.68,8,31,,,,3,0,30,16,18,4,4,10,7,0.49,1,0,118,48,41%,18,,,,,,,,
421,Jordan Lyden ,Midfielder,4,,,2,100%,,0,4,6,2,,9,4,8,0,0,2,,0,0,67,16.75,0,1,0%,0,2,0,0,1,0,0,0,0,0,0,0.00,0,0,1,0,0%,0,,,,,,,,
422,Yann M'Vila ,Midfielder,37,,,99,70%,,10,86,110,31,,287,200,125,15,45,28,,0,4,"1,679",45.38,5,83,22%,9,104,1,0,18,0,1,0,1,0,0,0.03,0,1,29,5,17%,0,,,,,,,,
423,Matt Macey ,Goalkeeper,0,0,0,,,,,,,,,,,,,,,0,0,0,0,0.00,,,,,0,0,0,0,,0,,,,,,,,,,,,0,0,0,0,0,0,0,0
424,Jonny Maddison ,Goalkeeper,0,0,0,,,,,,,,,,,,,,,0,0,0,0,0.00,,,,,0,0,0,0,,0,,,,,,,,,,,,0,0,0,0,0,0,0,0
425,Pablo Maffeo ,Defender,0,0,0,0,0%,0,0,0,0,0,0,0,0,0,0,0,0,0,0,0,0,0.00,0,0,0%,0,0,0,0,0,0,0,0,0,0,0,,,,,,,,,,,,,,,
426,Joseph Maguire ,Defender,0,0,0,0,0%,0,0,0,0,0,0,0,0,0,0,0,0,0,0,0,0,0.00,0,0,0%,0,0,0,0,0,0,0,0,0,0,0,,,,,,,,,,,,,,,
427,Riyad Mahrez ,Forward,37,,,53,,,25,38,14,6,,,,,,,,,,11,"1,034",27.95,20,114,,,,1,0,19,4,17,1,2,13,2,0.46,4,0,86,39,45%,5,,,,,,,,
428,Modibo Maiga ,Forward,3,,,0,,,0,0,0,0,,,,,,,,,,0,10,3.33,0,2,,,,0,0,1,3,1,0,1,0,0,0.33,0,0,2,2,100%,0,,,,,,,,
429,Ainsley Maitland-Niles ,Midfielder,0,,,0,0%,,0,0,0,0,,0,0,0,0,0,0,,0,0,0,0.00,0,0,0%,0,0,0,0,0,0,0,0,0,0,0,0.00,0,0,0,0,0%,0,,,,,,,,
430,Mikael Mandron ,Forward,0,,,0,,,0,0,0,0,,,,,,,,,,0,0,0.00,0,0,,,,0,0,0,0,0,0,0,0,0,0.00,0,0,0,0,0%,0,,,,,,,,
431,Sadio Mané ,Forward,37,,,54,,,21,35,14,6,,,,,,,,,,6,964,26.05,9,68,,,,4,2,44,27,11,1,6,4,1,0.30,0,0,86,34,40%,12,,,,,,,,
432,Eliaquim Mangala ,Defender,23,9,23,32,84%,2,0,66,120,49,0,122,84,76,5,41,21,1,1,0,"1,003",43.61,0,2,0%,0,41,8,0,36,0,0,0,0,0,0,,,,,,,,,,,,,,,
433,Vito Mannone ,Goalkeeper,19,4,23,,,,,,,,,,,,,,,0,1,0,559,29.42,,,,,148,2,0,0,,0,,,,,,,,,,,,74,0,12,31,9,18,62,168
434,Manu García ,Midfielder,1,,,0,0%,,0,1,0,0,,0,0,2,0,0,0,,0,0,18,18.00,0,0,0%,0,1,0,0,0,0,0,0,0,0,0,0.00,0,0,0,0,0%,0,,,,,,,,
435,Adrian Mariappa ,Defender,3,0,7,4,75%,0,0,10,12,4,0,20,15,12,3,6,5,0,0,0,117,39.00,0,2,50%,0,7,0,0,3,0,0,0,0,0,0,,,,,,,,,,,,,,,
436,Marko Marin ,Midfielder,0,,,0,0%,,0,0,0,0,,0,0,0,0,0,0,,0,0,0,0.00,0,0,0%,0,0,0,0,0,0,0,0,0,0,0,0.00,0,0,0,0,0%,0,,,,,,,,
437,Lazar Markovic ,Forward,0,,,0,,,0,0,0,0,,,,,,,,,,0,0,0.00,0,0,,,,0,0,0,0,0,0,0,0,0,0.00,0,0,0,0,0%,0,,,,,,,,
438,Anthony Martial ,Forward,31,,,21,,,13,9,18,8,,,,,,,,,,4,923,29.77,8,49,,,,2,0,40,17,11,1,6,4,1,0.35,0,0,57,25,44%,3,,,,,,,,
439,Russell Martin ,Defender,30,4,53,41,71%,0,2,37,201,106,1,124,93,92,1,46,32,0,1,0,"1,118",37.27,2,18,28%,0,121,4,1,32,0,3,0,2,1,0,,,,,,,,,,,,,,,
440,Emiliano Martínez ,Goalkeeper,0,0,0,,,,,,,,,,,,,,,0,0,0,0,0.00,,,,,0,0,0,0,,0,,,,,,,,,,,,0,0,0,0,0,0,0,0
441,Sylvain Marveaux ,Midfielder,0,,,0,0%,,0,0,0,0,,0,0,0,0,0,0,,0,0,0,0.00,0,0,0%,0,0,0,0,0,0,0,0,0,0,0,0.00,0,0,0,0,0%,0,,,,,,,,
442,Niall Mason ,Defender,0,0,0,0,0%,0,0,0,0,0,0,0,0,0,0,0,0,0,0,0,0,0.00,0,0,0%,0,0,0,0,0,0,0,0,0,0,0,,,,,,,,,,,,,,,
443,Massadio Haidara ,Defender,7,1,9,12,92%,0,1,19,18,4,0,32,34,28,5,7,4,0,0,0,230,32.86,0,21,19%,0,10,1,0,9,0,0,0,0,0,0,,,,,,,,,,,,,,,
444,Conor Masterson ,Defender,0,0,0,0,0%,0,0,0,0,0,0,0,0,0,0,0,0,0,0,0,0,0.00,0,0,0%,0,0,0,0,0,0,0,0,0,0,0,,,,,,,,,,,,,,,
445,Juan Mata ,Midfielder,38,,,30,73%,,18,23,19,2,,185,93,150,30,4,14,,0,5,"1,803",47.45,7,98,18%,7,98,4,1,22,9,6,0,1,5,1,0.16,1,1,57,22,39%,1,,,,,,,,
446,Nemanja Matic ,Midfielder,33,,,84,75%,,14,67,47,26,,228,176,164,38,38,44,,0,2,"1,607",48.70,2,20,15%,2,74,4,1,38,2,2,0,0,2,1,0.06,0,0,34,8,24%,3,,,,,,,,
447,Adam Matthews ,Defender,1,0,1,2,50%,0,0,0,1,0,0,1,3,1,1,0,0,0,0,0,13,13.00,0,2,50%,1,0,0,0,0,0,0,0,0,0,0,,,,,,,,,,,,,,,
448,Nathan Mavila ,Defender,0,0,0,0,0%,0,0,0,0,0,0,0,0,0,0,0,0,0,0,0,0,0.00,0,0,0%,0,0,0,0,0,0,0,0,0,0,0,,,,,,,,,,,,,,,
449,Charalampos Mavrias ,Defender,0,0,0,0,0%,0,0,0,0,0,0,0,0,0,0,0,0,0,0,0,0,0.00,0,0,0%,0,0,0,0,0,0,0,0,0,0,0,,,,,,,,,,,,,,,
450,Kevin Mbabu ,Defender,3,0,5,11,82%,0,0,3,2,1,0,9,17,11,1,3,2,0,0,0,41,13.67,0,2,0%,0,4,0,0,3,1,0,0,0,0,0,,,,,,,,,,,,,,,
451,Chancel Mbemba ,Defender,33,7,53,77,81%,3,3,96,231,99,0,151,157,112,20,48,54,0,2,0,"1,147",34.76,0,10,40%,0,110,5,0,21,0,0,0,0,0,0,,,,,,,,,,,,,,,
452,Dieudonne Mbokani Bezua ,Forward,29,,,11,,,5,3,22,11,,,,,,,,,,1,484,16.69,1,8,,,,0,0,17,29,7,1,5,1,1,0.24,0,0,37,20,54%,6,,,,,,,,
453,Conor McAleny ,Forward,0,,,0,,,0,0,0,0,,,,,,,,,,0,0,0.00,0,0,,,,0,0,0,0,0,0,0,0,0,0.00,0,0,0,0,0%,0,,,,,,,,
454,James McArthur ,Midfielder,28,,,55,76%,,5,66,20,9,,167,117,166,10,32,42,,0,2,"1,058",37.79,1,8,13%,1,66,5,0,41,1,2,0,1,1,0,0.07,0,0,16,4,25%,1,,,,,,,,
455,Gareth McAuley ,Defender,34,10,41,45,76%,2,1,95,172,84,2,135,161,97,9,93,46,1,0,0,849,24.97,1,4,0%,1,99,4,1,32,2,1,1,0,0,1,,,,,,,,,,,,,,,
456,Alex McCarthy ,Goalkeeper,7,0,9,,,,,,,,,,,,,,,0,2,0,204,29.14,,,,,63,0,0,0,,0,,,,,,,,,,,,32,0,1,8,3,2,10,71
457,James McClean ,Midfielder,35,,,70,69%,,8,32,53,23,,122,203,217,38,58,60,,0,2,598,17.09,3,208,23%,2,23,7,1,36,6,2,1,1,0,0,0.06,0,0,31,9,29%,0,,,,,,,,
458,Aiden McGeady ,Midfielder,0,,,0,0%,,0,0,0,0,,0,0,0,0,0,0,,0,0,0,0.00,0,0,0%,0,0,0,0,0,0,0,0,0,0,0,0.00,0,0,0,0,0%,0,,,,,,,,
459,Luke McGee ,Goalkeeper,0,0,0,,,,,,,,,,,,,,,0,0,0,0,0.00,,,,,0,0,0,0,,0,,,,,,,,,,,,0,0,0,0,0,0,0,0
460,Conor McGrandles ,Midfielder,0,,,0,0%,,0,0,0,0,,0,0,0,0,0,0,,0,0,0,0.00,0,0,0%,0,0,0,0,0,0,0,0,0,0,0,0.00,0,0,0,0,0%,0,,,,,,,,
461,Callum McManaman ,Midfielder,12,,,6,100%,,2,2,0,0,,11,31,17,14,3,1,,0,1,77,6.42,0,15,27%,0,0,2,0,2,0,0,0,0,0,0,0.00,0,0,8,1,13%,0,,,,,,,,
462,Patrick McNair ,Midfielder,8,,,9,89%,,0,5,13,5,,27,19,36,0,8,12,,0,0,194,24.25,0,6,17%,0,14,0,0,4,0,0,0,0,0,0,0.00,0,0,3,1,33%,0,,,,,,,,
463,Sam McQueen ,Defender,0,,,0,0%,,0,0,0,0,,0,0,0,0,0,0,,0,0,0,0.00,0,0,0%,0,0,0,0,0,0,0,0,0,0,0,0.00,0,0,0,0,0%,0,,,,,,,,
464,Per Mertesacker ,Defender,24,9,23,27,89%,1,1,36,108,56,0,139,88,32,3,54,16,0,0,0,"1,246",51.92,1,0,0%,0,46,1,1,7,1,0,0,0,0,0,,,,,,,,,,,,,,,
465,Matt Miazga ,Defender,2,1,1,3,100%,0,0,2,9,4,0,5,11,10,0,7,8,0,1,0,90,45.00,0,0,0%,0,3,1,0,1,1,0,0,0,0,0,,,,,,,,,,,,,,,
466,Simon Mignolet ,Goalkeeper,34,11,42,,,,,,,,,,,,,,,0,4,0,803,23.62,,,,,192,2,0,0,,0,,,,,,,,,,,,70,1,17,32,15,32,134,228
467,James Milner ,Midfielder,28,,,68,78%,,15,37,23,8,,163,148,215,19,32,42,,0,11,"1,377",49.18,6,185,32%,12,71,9,1,47,2,5,0,3,2,0,0.18,1,1,39,11,28%,1,,,,,,,,
468,Tyrone Mings ,Defender,1,0,0,0,0%,0,0,2,0,0,0,0,0,1,0,0,0,0,0,0,3,3.00,0,0,0%,0,0,0,0,0,0,0,0,0,0,0,,,,,,,,,,,,,,,
469,Kevin Mirallas ,Midfielder,23,,,14,,,16,9,6,1,,,,,,,,,,2,329,14.30,3,45,,,,0,2,14,7,4,0,3,1,0,0.17,0,0,41,16,39%,3,,,,,,,,
470,Aleksandar Mitrovic ,Forward,34,,,24,,,18,7,32,25,,,,,,,,,,4,721,21.21,1,7,,,,4,2,50,16,9,4,4,1,2,0.26,2,0,79,30,38%,8,,,,,,,,
471,Moha ,Midfielder,0,,,0,0%,,0,0,0,0,,0,0,0,0,0,0,,0,0,0,0.00,0,0,0%,0,0,0,0,0,0,0,0,0,0,0,0.00,0,0,0,0,0%,0,,,,,,,,
472,Mohamed Elneny ,Midfielder,11,,,10,80%,,8,16,16,6,,61,30,35,4,5,9,,0,1,738,67.09,1,11,9%,0,19,3,0,9,0,0,0,0,0,0,0.00,0,0,13,2,15%,2,,,,,,,,
473,Mohamed Salah ,Forward,0,,,0,,,0,0,0,0,,,,,,,,,,0,0,0.00,0,0,,,,0,0,0,0,0,0,0,0,0,0.00,0,0,0,0,0%,0,,,,,,,,
474,Jefferson Montero ,Midfielder,23,,,21,81%,,8,9,2,0,,70,111,121,41,11,13,,0,2,365,15.87,4,111,19%,0,4,0,0,11,4,0,0,0,0,1,0.00,0,0,20,6,30%,2,,,,,,,,
475,Liam Moore ,Defender,0,0,0,0,0%,0,0,0,0,0,0,0,0,0,0,0,0,0,0,0,0,0.00,0,0,0%,0,0,0,0,0,0,0,0,0,0,0,,,,,,,,,,,,,,,
476,Wes Morgan ,Defender,38,15,36,51,67%,0,6,95,216,110,1,135,167,101,10,93,64,0,1,0,818,21.53,0,0,0%,2,46,3,0,27,0,2,2,0,0,0,,,,,,,,,,,,,,,
477,Carlton Morris ,Forward,0,,,0,,,0,0,0,0,,,,,,,,,,0,0,0.00,0,0,,,,0,0,0,0,0,0,0,0,0,0.00,0,0,0,0,0%,0,,,,,,,,
478,James Morrison ,Midfielder,18,,,26,77%,,6,43,11,5,,106,66,69,22,6,12,,0,3,593,32.94,1,15,13%,3,34,3,0,7,0,3,1,2,0,0,0.17,0,0,24,12,50%,1,,,,,,,,
479,Victor Moses ,Midfielder,21,,,13,54%,,6,10,3,2,,54,71,83,31,7,14,,0,2,280,13.33,2,35,23%,1,6,0,0,17,6,1,0,1,0,1,0.05,0,0,22,4,18%,3,,,,,,,,
480,Youssouf Mulumbu ,Midfielder,7,,,21,76%,,1,6,4,1,,27,33,25,5,4,5,,0,0,157,22.43,0,2,0%,0,8,1,0,5,1,0,0,0,0,0,0.00,0,0,3,1,33%,0,,,,,,,,
481,Marc Muniesa ,Defender,15,0,24,28,61%,2,0,35,44,21,0,65,53,46,6,11,15,0,0,0,530,35.33,0,11,18%,1,31,2,0,10,0,0,0,0,0,0,,,,,,,,,,,,,,,
482,Jacob Murphy ,Midfielder,0,,,0,0%,,0,0,0,0,,0,0,0,0,0,0,,0,0,0,0.00,0,0,0%,0,0,0,0,0,0,0,0,0,0,0,0.00,0,0,0,0,0%,0,,,,,,,,
483,Glenn Murray ,Forward,21,,,7,,,2,3,9,4,,,,,,,,,,0,203,9.67,2,6,,,,2,0,26,13,3,2,1,0,0,0.14,0,0,25,14,56%,4,,,,,,,,
484,Charly Musonda ,Midfielder,0,,,0,0%,,0,0,0,0,,0,0,0,0,0,0,,0,0,0,0.00,0,0,0%,0,0,0,0,0,0,0,0,0,0,0,0.00,0,0,0,0,0%,0,,,,,,,,
485,Jordon Mutch ,Midfielder,20,,,18,89%,,5,15,8,5,,47,49,56,11,10,22,,0,0,307,15.35,0,42,17%,1,12,0,0,11,3,0,0,0,0,0,0.00,0,0,17,2,12%,0,,,,,,,,
486,Boaz Myhill ,Goalkeeper,23,7,31,,,,,,,,,,,,,,,0,1,0,604,26.26,,,,,205,2,0,0,,0,,,,,,,,,,,,65,0,12,30,11,12,57,206
487,Dame N'Doye ,Forward,11,,,12,,,3,7,6,5,,,,,,,,,,0,187,17.00,0,7,,,,2,0,20,5,1,0,1,0,0,0.09,0,0,9,4,44%,0,,,,,,,,
488,Clinton N'Jie ,Forward,8,,,7,,,2,0,0,0,,,,,,,,,,1,72,9.00,1,4,,,,0,0,4,2,0,0,0,0,0,0.00,0,0,6,2,33%,0,,,,,,,,
489,Charles N'Zogbia ,Midfielder,2,,,1,100%,,0,0,0,0,,1,2,2,1,0,0,,0,0,9,4.50,0,4,0%,0,0,0,0,1,0,0,0,0,0,0,0.00,0,0,0,0,0%,0,,,,,,,,
490,Adil Nabi ,Forward,0,,,0,,,0,0,0,0,,,,,,,,,,0,0,0.00,0,0,,,,0,0,0,0,0,0,0,0,0,0.00,0,0,0,0,0%,0,,,,,,,,
491,Nacho Monreal ,Defender,37,17,34,80,70%,0,1,105,114,50,2,236,205,129,15,69,54,0,0,3,"1,844",49.84,2,99,20%,4,38,1,0,28,2,0,0,0,0,0,,,,,,,,,,,,,,,
492,Steven Naismith ,Forward,23,,,23,,,8,7,8,7,,,,,,,,,,1,501,21.78,3,13,,,,3,0,30,9,4,1,2,1,0,0.17,0,0,25,9,36%,3,,,,,,,,
493,Samir Nasri ,Midfielder,12,,,11,91%,,3,2,0,0,,29,22,35,6,0,7,,0,2,416,34.67,1,17,41%,5,12,3,0,4,1,2,0,2,0,0,0.17,0,0,14,7,50%,3,,,,,,,,
494,Nathan ,Forward,0,,,0,,,0,0,0,0,,,,,,,,,,0,0,0.00,0,0,,,,0,0,0,0,0,0,0,0,0,0.00,0,0,0,0,0%,0,,,,,,,,
495,Kyle Naughton ,Defender,27,4,26,40,65%,0,3,48,65,16,0,105,105,103,13,31,28,0,0,3,"1,081",40.04,2,64,19%,0,41,2,1,23,0,0,0,0,0,0,,,,,,,,,,,,,,,
496,Jesús Navas ,Defender,34,8,22,29,83%,0,11,21,11,3,0,130,110,137,48,9,33,0,0,7,"1,268",37.29,6,176,19%,7,40,1,0,18,4,0,0,0,0,0,,,,,,,,,,,,,,,
497,Oumar Niasse ,Forward,5,,,4,,,0,3,0,0,,,,,,,,,,0,43,8.60,1,3,,,,0,0,2,0,0,0,0,0,0,0.00,0,0,2,1,50%,1,,,,,,,,
498,Mark Noble ,Midfielder,37,,,103,72%,,7,83,19,7,,236,202,171,29,17,17,,1,4,"1,923",51.97,3,29,24%,2,152,8,1,36,6,7,0,7,0,1,0.19,3,0,34,12,35%,0,,,,,,,,
499,Kevin Nolan ,Midfielder,2,,,1,100%,,0,0,1,1,,5,2,3,1,0,1,,0,0,15,7.50,0,0,0%,0,0,0,0,0,0,0,0,0,0,0,0.00,0,0,0,0,0%,0,,,,,,,,
500,Kristoffer Nordfeldt ,Goalkeeper,1,0,1,,,,,,,,,,,,,,,0,0,0,25,25.00,,,,,12,0,0,0,,0,,,,,,,,,,,,4,0,0,0,0,0,4,12
501,Nordin Amrabat ,Forward,12,,,5,,,3,4,1,1,,,,,,,,,,0,156,13.00,1,38,,,,2,1,15,2,0,0,0,0,0,0.00,0,0,7,3,43%,1,,,,,,,,
502,Olivier Ntcham ,Midfielder,0,,,0,0%,,0,0,0,0,,0,0,0,0,0,0,,0,0,0,0.00,0,0,0%,0,0,0,0,0,0,0,0,0,0,0,0.00,0,0,0,0,0%,0,,,,,,,,
503,David Nugent ,Forward,0,,,0,,,0,0,0,0,,,,,,,,,,0,0,0.00,0,0,,,,0,0,0,0,0,0,0,0,0,0.00,0,0,0,0,0%,0,,,,,,,,
504,Allan-Roméo Nyom ,Defender,32,9,34,84,89%,0,3,60,70,20,0,187,147,111,27,13,20,0,1,1,860,26.88,1,85,13%,1,58,8,0,36,0,0,0,0,0,0,,,,,,,,,,,,,,,
505,Joey O'Brien ,Defender,0,0,0,0,0%,0,0,0,0,0,0,0,0,0,0,0,0,0,0,0,0,0.00,0,0,0%,0,0,0,0,0,0,0,0,0,0,0,,,,,,,,,,,,,,,
506,Eunan O'Kane ,Midfielder,16,,,9,67%,,1,8,13,3,,29,28,37,10,3,6,,2,1,379,23.69,0,1,0%,4,31,2,0,6,1,0,0,0,0,0,0.00,0,0,6,2,33%,1,,,,,,,,
507,Gary O'Neil ,Midfielder,27,,,41,68%,,5,36,30,14,,140,91,122,12,24,25,,0,0,943,34.93,1,44,18%,0,90,7,1,40,0,0,0,0,0,0,0.00,0,0,11,0,0%,1,,,,,,,,
508,John O'Shea ,Defender,28,1,37,32,63%,0,2,39,183,90,0,68,92,44,0,51,17,0,0,0,590,21.07,1,0,0%,0,46,2,0,19,0,0,0,0,0,0,,,,,,,,,,,,,,,
509,Gabriel Obertan ,Midfielder,5,,,6,83%,,0,4,4,2,,19,13,22,1,4,5,,0,1,97,19.40,0,10,20%,0,2,1,0,2,3,0,0,0,0,0,0.00,0,0,3,2,67%,0,,,,,,,,
510,Pedro Obiang ,Midfielder,24,,,42,74%,,3,36,21,10,,80,95,76,13,31,18,,0,1,476,19.83,1,4,25%,1,27,2,0,20,0,0,0,0,0,0,0.00,0,0,8,1,13%,0,,,,,,,,
511,Peter Odemwingie ,Forward,5,,,3,,,1,2,1,0,,,,,,,,,,0,49,9.80,0,7,,,,0,0,3,1,0,0,0,0,0,0.00,0,0,2,0,0%,0,,,,,,,,
512,Vadis Odjidja-Ofoe ,Midfielder,10,,,9,78%,,1,3,5,3,,19,22,33,6,4,6,,0,2,135,13.50,0,12,17%,0,3,2,0,5,0,0,0,0,0,0,0.00,0,0,3,1,33%,0,,,,,,,,
513,Angelo Ogbonna ,Defender,28,9,32,43,79%,0,2,50,161,88,0,116,127,67,8,62,31,0,1,0,945,33.75,0,1,100%,0,78,5,0,21,0,0,0,0,0,0,,,,,,,,,,,,,,,
514,Sheyi Ojo ,Midfielder,8,,,9,78%,,3,2,1,0,,26,32,31,13,2,6,,1,3,140,17.50,2,19,21%,0,3,0,0,3,0,0,0,0,0,0,0.00,0,0,5,1,20%,0,,,,,,,,
515,Shinji Okazaki ,Forward,36,,,37,,,12,15,6,3,,,,,,,,,,0,542,15.06,2,9,,,,1,0,31,8,5,1,3,1,2,0.14,0,0,46,12,26%,7,,,,,,,,
516,Jores Okore ,Defender,12,3,18,37,65%,0,0,28,83,30,1,47,66,36,3,18,16,0,0,0,330,27.50,0,0,0%,0,37,1,0,8,0,0,0,0,0,0,,,,,,,,,,,,,,,
517,Ola Aina ,Defender,0,0,0,0,0%,0,0,0,0,0,0,0,0,0,0,0,0,0,0,0,0,0.00,0,0,0%,0,0,0,0,0,0,0,0,0,0,0,,,,,,,,,,,,,,,
518,Olufela Olomola ,Forward,0,,,0,,,0,0,0,0,,,,,,,,,,0,0,0.00,0,0,,,,0,0,0,0,0,0,0,0,0,0.00,0,0,0,0,0%,0,,,,,,,,
519,Martin Olsson ,Defender,24,3,35,26,77%,1,0,25,66,30,0,80,77,74,6,27,21,0,1,2,479,19.96,1,72,17%,0,34,2,0,18,0,1,0,0,1,0,,,,,,,,,,,,,,,
520,Andre Olukanmi ,Midfielder,0,,,0,0%,,0,0,0,0,,0,0,0,0,0,0,,0,0,0,0.00,0,0,0%,0,0,0,0,0,0,0,0,0,0,0,0.00,0,0,0,0,0%,0,,,,,,,,
521,Kenneth Omeruo ,Defender,0,0,0,0,0%,0,0,0,0,0,0,0,0,0,0,0,0,0,0,0,0,0.00,0,0,0%,0,0,0,0,0,0,0,0,0,0,0,,,,,,,,,,,,,,,
522,Josh Onomah ,Midfielder,8,,,4,100%,,0,1,0,0,,3,5,4,1,0,1,,0,0,44,5.50,0,4,0%,0,0,0,0,1,0,0,0,0,0,0,0.00,0,0,3,2,67%,0,,,,,,,,
523,Divock Origi ,Forward,16,,,5,,,7,0,1,0,,,,,,,,,,1,164,10.25,0,14,,,,0,0,11,10,5,2,3,0,1,0.31,0,0,24,12,50%,3,,,,,,,,
524,Oscar ,Midfielder,27,,,62,84%,,20,13,21,5,,102,134,138,25,12,22,,0,3,"1,040",38.52,3,38,26%,6,63,4,0,18,2,3,0,3,0,0,0.11,1,1,52,16,31%,4,,,,,,,,
525,Leon Osman ,Midfielder,9,,,3,33%,,0,1,1,1,,13,9,20,0,1,7,,0,0,142,15.78,0,4,0%,0,4,0,0,2,0,0,0,0,0,0,0.00,0,0,3,0,0%,0,,,,,,,,
526,David Ospina ,Goalkeeper,4,2,5,,,,,,,,,,,,,,,0,0,0,110,27.50,,,,,35,0,0,0,,0,,,,,,,,,,,,17,0,1,3,2,3,16,29
527,Nicolás Otamendi ,Defender,30,11,35,90,67%,1,8,104,209,118,2,190,219,129,11,90,49,0,0,0,"1,569",52.30,0,1,0%,0,97,9,0,31,0,1,1,0,0,0,,,,,,,,,,,,,,,
528,Obbi Oularé ,Forward,2,,,0,,,0,0,0,0,,,,,,,,,,0,3,1.50,0,0,,,,0,0,1,0,0,0,0,0,0,0.00,0,0,0,0,0%,0,,,,,,,,
529,Bryan Oviedo ,Defender,14,3,18,41,83%,0,1,20,34,11,0,53,64,61,8,3,14,0,0,1,432,30.86,2,42,26%,1,24,0,0,17,1,0,0,0,0,0,,,,,,,,,,,,,,,
530,Reece Oxford ,Midfielder,7,,,8,63%,,1,6,8,2,,7,12,7,0,3,2,,0,0,52,7.43,0,0,0%,0,2,0,0,1,0,0,0,0,0,0,0.00,0,0,1,0,0%,0,,,,,,,,
531,Alex Oxlade-Chamberlain ,Midfielder,22,,,23,74%,,10,12,9,2,,58,81,71,36,9,10,,1,0,439,19.95,3,43,21%,5,26,0,0,11,2,1,0,1,0,2,0.05,0,0,23,5,22%,1,,,,,,,,
532,Mesut Özil ,Midfielder,35,,,35,77%,,17,22,10,4,,147,127,171,46,4,15,,0,19,"2,276",65.03,28,228,41%,42,53,4,0,20,15,6,0,1,5,3,0.17,0,0,47,20,43%,8,,,,,,,,
533,Paddy McCarthy ,Defender,0,,,0,0%,,0,0,0,0,,0,0,0,0,0,0,,0,0,0,0.00,0,0,0%,0,0,0,0,0,0,0,0,0,0,0,0.00,0,0,0,0,0%,0,,,,,,,,
534,Lewis Page ,Defender,0,0,0,0,0%,0,0,0,0,0,0,0,0,0,0,0,0,0,0,0,0,0.00,0,0,0%,0,0,0,0,0,0,0,0,0,0,0,,,,,,,,,,,,,,,
535,Kasey Palmer ,Midfielder,0,,,0,0%,,0,0,0,0,,0,0,0,0,0,0,,0,0,0,0.00,0,0,0%,0,0,0,0,0,0,0,0,0,0,0,0.00,0,0,0,0,0%,0,,,,,,,,
536,Alberto Paloschi ,Forward,10,,,7,,,5,7,4,3,,,,,,,,,,0,199,19.90,1,5,,,,2,0,17,6,2,0,2,0,1,0.20,0,0,15,7,47%,3,,,,,,,,
537,Harry Panayiotou ,Forward,0,,,0,,,0,0,0,0,,,,,,,,,,0,0,0.00,0,0,,,,0,0,0,0,0,0,0,0,0,0.00,0,0,0,0,0%,0,,,,,,,,
538,Costel Pantilimon ,Goalkeeper,17,3,33,,,,,,,,,,,,,,,0,2,0,497,29.24,,,,,148,3,0,2,,0,,,,,,,,,,,,71,0,6,23,7,22,60,152
539,Juan Carlos Paredes ,Defender,17,1,12,15,73%,0,0,16,13,4,0,51,35,43,9,2,3,0,0,0,264,15.53,0,29,24%,0,18,1,0,10,0,0,0,0,0,0,,,,,,,,,,,,,,,
540,Djair Parfitt-Williams ,Forward,0,,,0,,,0,0,0,0,,,,,,,,,,0,0,0.00,0,0,,,,0,0,0,0,0,0,0,0,0,0.00,0,0,0,0,0%,0,,,,,,,,
541,Mario Pasalic ,Midfielder,0,,,0,0%,,0,0,0,0,,0,0,0,0,0,0,,0,0,0,0.00,0,0,0%,0,0,0,0,0,0,0,0,0,0,0,0.00,0,0,0,0,0%,0,,,,,,,,
542,Josh Pask ,Defender,0,0,0,0,0%,0,0,0,0,0,0,0,0,0,0,0,0,0,0,0,0,0.00,0,0,0%,0,0,0,0,0,0,0,0,0,0,0,,,,,,,,,,,,,,,
543,Dimitri Payet ,Midfielder,30,,,24,67%,,18,23,2,2,,150,132,148,67,2,10,,1,12,"1,269",42.30,16,290,32%,19,76,3,0,13,3,9,0,9,0,2,0.30,0,2,69,28,41%,1,,,,,,,,
544,Pedro ,Forward,29,,,37,,,20,23,5,2,,,,,,,,,,2,971,33.48,5,83,,,,3,0,23,5,7,0,2,5,1,0.24,0,0,57,16,28%,4,,,,,,,,
545,Graziano Pellè ,Forward,30,,,13,,,16,10,30,18,,,,,,,,,,6,872,29.07,6,19,,,,6,0,40,16,11,5,5,1,2,0.37,0,0,81,25,31%,4,,,,,,,,
546,Adalberto Peñaranda ,Forward,0,,,0,,,0,0,0,0,,,,,,,,,,0,0,0.00,0,0,,,,0,0,0,0,0,0,0,0,0,0.00,0,0,0,0,0%,0,,,,,,,,
547,Matthew Pennington ,Defender,4,0,7,1,100%,1,0,7,17,7,1,26,11,6,3,7,2,0,0,0,169,42.25,0,1,0%,0,9,1,0,2,0,0,0,0,0,0,,,,,,,,,,,,,,,
548,Ayoze Pérez ,Forward,34,,,56,,,13,28,13,6,,,,,,,,,,2,588,17.29,4,73,,,,4,0,35,5,6,0,5,1,0,0.18,0,0,50,16,32%,3,,,,,,,,
549,Stipe Perica ,Forward,0,,,0,,,0,0,0,0,,,,,,,,,,0,0,0.00,0,0,,,,0,0,0,0,0,0,0,0,0,0.00,0,0,0,0,0%,0,,,,,,,,
550,Philippe Coutinho ,Midfielder,26,,,35,83%,,43,17,7,1,,127,116,155,49,5,23,,0,5,"1,092",42.00,9,57,18%,15,58,2,1,10,5,8,0,7,1,3,0.31,0,0,111,30,27%,3,,,,,,,,
551,Jordan Pickford ,Goalkeeper,2,0,6,,,,,,,,,,,,,,,0,0,0,70,35.00,,,,,21,0,0,0,,0,,,,,,,,,,,,11,0,1,8,1,2,7,22
552,Steven Pienaar ,Midfielder,4,,,0,0%,,1,4,3,1,,7,8,10,3,2,2,,0,0,77,19.25,0,3,33%,0,4,0,0,1,0,0,0,0,0,0,0.00,0,0,2,0,0%,0,,,,,,,,
553,Erik Pieters ,Defender,35,10,45,116,78%,0,2,95,93,36,0,200,219,159,8,47,44,0,1,1,"1,504",42.97,3,103,13%,1,60,10,0,58,0,0,0,0,0,0,,,,,,,,,,,,,,,
554,Alex Pike ,Defender,0,0,0,0,0%,0,0,0,0,0,0,0,0,0,0,0,0,0,0,0,0,0.00,0,0,0%,0,0,0,0,0,0,0,0,0,0,0,,,,,,,,,,,,,,,
555,Sébastien Pocognoli ,Defender,1,0,0,0,0%,0,0,1,3,2,0,3,2,2,0,2,1,0,0,1,19,19.00,0,3,67%,0,1,0,0,0,0,0,0,0,0,0,,,,,,,,,,,,,,,
556,Regan Poole ,Defender,0,0,0,0,0%,0,0,0,0,0,0,0,0,0,0,0,0,0,0,0,0,0.00,0,0,0%,0,0,0,0,0,0,0,0,0,0,0,,,,,,,,,,,,,,,
557,Nick Powell ,Midfielder,1,,,0,0%,,0,0,0,0,,0,1,3,0,1,3,,0,0,2,2.00,0,0,0%,0,0,0,0,0,0,0,0,0,0,0,0.00,0,0,0,0,0%,0,,,,,,,,
558,Diego Poyet ,Midfielder,0,,,0,0%,,0,0,0,0,,0,0,0,0,0,0,,0,0,0,0.00,0,0,0%,0,0,0,0,0,0,0,0,0,0,0,0.00,0,0,0,0,0%,0,,,,,,,,
559,Alex Pritchard ,Midfielder,3,,,4,75%,,0,0,0,0,,9,7,7,2,0,0,,0,0,25,8.33,0,3,0%,1,0,0,0,2,0,0,0,0,0,0,0.00,0,0,2,0,0%,0,,,,,,,,
560,Sebastian Prödl ,Defender,21,5,28,23,91%,0,1,64,93,26,1,56,57,59,0,29,24,0,0,0,509,24.24,0,1,100%,0,58,5,0,23,0,2,1,0,1,0,,,,,,,,,,,,,,,
561,Daniel Pudil ,Defender,0,0,0,0,0%,0,0,0,0,0,0,0,0,0,0,0,0,0,0,0,0,0.00,0,0,0%,0,0,0,0,0,0,0,0,0,0,0,,,,,,,,,,,,,,,
562,Marc Pugh ,Midfielder,26,,,32,75%,,5,16,13,6,,69,106,129,32,14,31,,0,2,501,19.27,1,45,16%,1,18,1,0,10,1,3,0,3,0,1,0.12,0,0,22,11,50%,2,,,,,,,,
563,Jason Puncheon ,Midfielder,31,,,54,83%,,18,28,14,4,,219,141,173,46,13,16,,0,3,"1,240",40.00,4,151,32%,5,65,3,0,34,5,2,0,0,2,0,0.06,0,0,54,14,26%,4,,,,,,,,
564,Ramires ,Midfielder,12,,,23,61%,,3,14,7,1,,41,52,79,6,9,18,,0,0,309,25.75,0,5,0%,2,17,1,0,21,1,2,1,1,0,0,0.17,0,0,10,5,50%,1,,,,,,,,
565,Gastón Ramírez ,Midfielder,3,,,2,100%,,0,1,1,0,,2,5,3,2,1,0,,0,1,15,5.00,1,5,0%,1,0,0,0,0,0,0,0,0,0,0,0.00,0,0,0,0,0%,0,,,,,,,,
566,Aaron Ramsey ,Midfielder,31,,,78,76%,,23,56,20,8,,248,190,229,39,27,26,,0,4,"2,154",69.48,3,50,24%,20,58,4,0,47,5,5,0,5,0,2,0.16,0,0,69,21,30%,9,,,,,,,,
567,Connor Randall ,Defender,3,0,3,3,67%,0,1,3,0,0,0,8,6,12,0,2,3,0,0,0,82,27.33,0,1,0%,0,5,0,0,2,0,0,0,0,0,0,,,,,,,,,,,,,,,
568,Darren Randolph ,Goalkeeper,6,2,12,,,,,,,,,,,,,,,0,1,0,164,27.33,,,,,55,0,0,0,,0,,,,,,,,,,,,12,0,0,7,1,4,25,46
569,Mathias Ranégie ,Forward,0,,,0,,,0,0,0,0,,,,,,,,,,0,0,0.00,0,0,,,,0,0,0,0,0,0,0,0,0,0.00,0,0,0,0,0%,0,,,,,,,,
570,Angel Rangel ,Defender,23,4,29,43,84%,0,3,59,72,31,0,120,106,79,13,36,25,0,0,0,"1,278",55.57,0,47,23%,0,65,6,0,19,2,0,0,0,0,1,,,,,,,,,,,,,,,
571,Tokelo Rantie ,Forward,3,,,3,,,1,0,0,0,,,,,,,,,,0,11,3.67,0,1,,,,0,0,3,1,0,0,0,0,0,0.00,0,0,1,0,0%,0,,,,,,,,
572,Marcus Rashford ,Forward,11,,,7,,,7,2,9,3,,,,,,,,,,2,199,18.09,1,6,,,,0,0,5,4,5,1,4,0,0,0.45,0,0,16,8,50%,3,,,,,,,,
573,Nathan Redmond ,Midfielder,35,,,31,81%,,16,15,10,5,,114,126,182,59,7,32,,0,3,974,27.83,4,123,19%,3,27,0,0,29,6,6,0,6,0,5,0.17,0,0,54,17,31%,3,,,,,,,,
574,Harrison Reed ,Midfielder,1,,,1,100%,,0,0,0,0,,1,2,2,0,1,1,,0,0,9,9.00,0,0,0%,0,0,0,0,0,0,0,0,0,0,0,0.00,0,0,0,0,0%,0,,,,,,,,
575,Winston Reid ,Defender,24,6,38,45,82%,0,4,76,154,76,0,109,123,66,2,50,28,1,0,1,833,34.71,0,2,0%,0,90,5,0,23,0,1,1,0,0,2,,,,,,,,,,,,,,,
576,Jeff Reine-Adélaïde ,Midfielder,0,,,0,0%,,0,0,0,0,,0,0,0,0,0,0,,0,0,0,0.00,0,0,0%,0,0,0,0,0,0,0,0,0,0,0,0.00,0,0,0,0,0%,0,,,,,,,,
577,Loïc Rémy ,Forward,13,,,0,,,3,1,4,4,,,,,,,,,,0,101,7.77,0,4,,,,0,0,1,5,1,1,0,0,0,0.08,0,0,13,5,38%,1,,,,,,,,
578,Micah Richards ,Defender,24,3,53,42,81%,0,1,61,142,84,0,109,156,67,28,61,22,1,1,1,717,29.88,0,2,50%,1,38,3,0,16,0,1,1,0,0,0,,,,,,,,,,,,,,,
579,Kieran Richardson ,Defender,11,0,20,18,67%,0,1,12,20,8,0,42,35,50,4,9,9,0,0,1,269,24.45,0,21,10%,1,14,4,0,18,0,0,0,0,0,0,,,,,,,,,,,,,,,
580,Joe Riley ,Defender,0,0,0,0,0%,0,0,0,0,0,0,0,0,0,0,0,0,0,0,0,0,0.00,0,0,0%,0,0,0,0,0,0,0,0,0,0,0,,,,,,,,,,,,,,,
581,Matt Ritchie ,Midfielder,37,,,54,72%,,31,48,32,7,,202,149,192,19,23,46,,0,6,"1,429",38.62,5,204,22%,4,92,5,0,41,4,4,1,0,3,1,0.11,0,0,77,17,22%,2,,,,,,,,
582,Emmanuel Rivière ,Forward,3,,,3,,,1,0,0,0,,,,,,,,,,0,19,6.33,0,2,,,,0,0,2,0,0,0,0,0,0,0.00,0,0,3,0,0%,0,,,,,,,,
583,Roberto Firmino ,Forward,31,,,67,,,17,16,12,7,,,,,,,,,,7,998,32.19,9,38,,,,1,0,29,15,10,1,6,3,4,0.32,0,0,63,25,40%,6,,,,,,,,
584,Patrick Roberts ,Midfielder,1,,,0,0%,,0,0,0,0,,0,1,0,0,0,0,,0,0,3,3.00,0,0,0%,0,0,0,0,0,0,0,0,0,0,0,0.00,0,0,0,0,0%,0,,,,,,,,
585,Antonee Robinson ,Defender,0,0,0,0,0%,0,0,0,0,0,0,0,0,0,0,0,0,0,0,0,0,0.00,0,0,0%,0,0,0,0,0,0,0,0,0,0,0,,,,,,,,,,,,,,,
586,Joel Robles ,Goalkeeper,13,3,20,,,,,,,,,,,,,,,0,2,0,421,32.38,,,,,92,1,0,0,,0,,,,,,,,,,,,46,0,5,22,5,8,55,133
587,Joe Rodon ,Defender,0,0,0,0,0%,0,0,0,0,0,0,0,0,0,0,0,0,0,0,0,0,0.00,0,0,0%,0,0,0,0,0,0,0,0,0,0,0,,,,,,,,,,,,,,,
588,Jay Rodriguez ,Forward,12,,,5,,,4,2,2,2,,,,,,,,,,0,94,7.83,0,4,,,,1,0,4,3,0,0,0,0,0,0.00,0,0,17,6,35%,2,,,,,,,,
589,Jack Rodwell ,Midfielder,22,,,25,88%,,6,14,17,5,,53,63,55,6,25,18,,0,0,446,20.27,1,6,0%,2,17,5,0,17,2,1,0,0,1,1,0.05,0,0,25,7,28%,3,,,,,,,,
590,Marcos Rojo ,Defender,16,5,11,43,74%,0,3,28,32,14,0,88,89,73,4,30,24,0,0,1,700,43.75,1,53,21%,0,26,3,0,20,1,0,0,0,0,0,,,,,,,,,,,,,,,
591,Sergio Romero ,Goalkeeper,4,3,2,,,,,,,,,,,,,,,0,0,0,115,28.75,,,,,22,0,0,0,,0,,,,,,,,,,,,7,0,0,6,1,3,24,17
592,Oriol Romeu ,Midfielder,29,,,77,74%,,6,39,31,9,,124,132,111,16,25,28,,0,0,833,28.72,1,1,0%,3,59,7,0,28,0,1,0,1,0,0,0.03,0,0,28,8,29%,1,,,,,,,,
593,Rafael Romo ,Goalkeeper,0,0,0,,,,,,,,,,,,,,,0,0,0,0,0.00,,,,,0,0,0,0,,0,,,,,,,,,,,,0,0,0,0,0,0,0,0
594,Salomón Rondón ,Forward,34,,,9,,,17,14,45,27,,,,,,,,,,2,630,18.53,2,32,,,,1,1,35,26,9,4,3,1,1,0.26,0,0,71,21,30%,7,,,,,,,,
595,Rony Lopes ,Forward,0,,,0,,,0,0,0,0,,,,,,,,,,0,0,0.00,0,0,,,,0,0,0,0,0,0,0,0,0,0.00,0,0,0,0,0%,0,,,,,,,,
596,Wayne Rooney ,Forward,28,,,29,,,19,9,15,7,,,,,,,,,,6,"1,144",40.86,6,51,,,,4,0,28,15,8,0,7,1,0,0.29,1,0,72,25,35%,3,,,,,,,,
597,Danny Rose ,Defender,24,8,19,67,84%,0,8,39,79,48,0,146,160,121,28,23,20,0,1,3,"1,062",44.25,6,88,14%,1,49,7,0,41,1,1,0,0,1,0,,,,,,,,,,,,,,,
598,Tomas Rosicky ,Midfielder,0,,,0,0%,,0,0,0,0,,0,0,0,0,0,0,,0,0,0,0.00,0,0,0%,0,0,0,0,0,0,0,0,0,0,0,0.00,0,0,0,0,0%,0,,,,,,,,
599,Jordan Rossiter ,Midfielder,1,,,1,100%,,0,1,1,0,,0,1,2,0,0,0,,0,0,5,5.00,0,0,0%,0,0,0,0,0,0,0,0,0,0,0,0.00,0,0,0,0,0%,0,,,,,,,,
600,Joe Rothwell ,Midfielder,0,,,0,0%,,0,0,0,0,,0,0,0,0,0,0,,0,0,0,0.00,0,0,0%,0,0,0,0,0,0,0,0,0,0,0,0.00,0,0,0,0,0%,0,,,,,,,,
601,Wayne Routledge ,Midfielder,28,,,23,87%,,5,12,9,3,,102,67,140,16,5,34,,0,1,651,23.25,1,67,15%,3,21,3,0,30,7,2,0,2,0,0,0.07,0,0,18,9,50%,2,,,,,,,,
602,Declan Rudd ,Goalkeeper,11,2,23,,,,,,,,,,,,,,,0,0,0,295,26.82,,,,,86,2,0,2,,0,,,,,,,,,,,,34,0,7,15,0,5,37,97
603,John Ruddy ,Goalkeeper,27,3,44,,,,,,,,,,,,,,,0,4,0,772,28.59,,,,,220,0,0,0,,0,,,,,,,,,,,,69,0,13,43,9,22,121,248
604,Bacary Sagna ,Defender,28,11,26,50,66%,0,1,50,99,55,0,126,155,112,5,86,57,0,0,3,"1,587",56.68,3,74,26%,2,52,4,0,17,0,0,0,0,0,0,,,,,,,,,,,,,,,
605,Henri Saivet ,Midfielder,4,,,13,69%,,0,5,2,0,,20,16,16,1,1,6,,0,0,82,20.50,0,0,0%,0,4,0,0,1,0,0,0,0,0,0,0.00,0,0,0,0,0%,0,,,,,,,,
606,Mamadou Sakho ,Defender,22,5,30,30,67%,1,1,37,137,79,2,158,123,69,8,75,45,0,0,0,"1,243",56.50,0,0,0%,0,69,1,0,9,1,1,1,0,0,0,,,,,,,,,,,,,,,
607,Bakary Sako ,Midfielder,20,,,18,83%,,11,14,7,2,,68,58,93,20,8,18,,0,1,336,16.80,5,77,17%,0,15,1,0,13,8,2,0,1,1,1,0.10,0,0,34,15,44%,3,,,,,,,,
608,Martin Samuelsen ,Midfielder,0,,,0,0%,,0,0,0,0,,0,0,0,0,0,0,,0,0,0,0.00,0,0,0%,0,0,0,0,0,0,0,0,0,0,0,0.00,0,0,0,0,0%,0,,,,,,,,
609,Alexis Sánchez ,Forward,30,,,47,,,36,24,6,3,,,,,,,,,,4,"1,434",47.80,13,64,,,,1,0,32,13,13,2,10,1,5,0.43,0,1,107,38,36%,11,,,,,,,,
610,Sandro ,Midfielder,12,,,10,70%,,0,13,12,3,,20,36,19,5,15,7,,0,0,138,11.50,0,3,67%,0,2,0,0,5,0,0,0,0,0,0,0.00,0,0,3,0,0%,0,,,,,,,,
611,Yaya Sanogo ,Forward,0,,,0,,,0,0,0,0,,,,,,,,,,0,0,0.00,0,0,,,,0,0,0,0,0,0,0,0,0,0.00,0,0,0,0,0%,0,,,,,,,,
612,Santi Cazorla ,Midfielder,15,,,28,82%,,6,26,15,7,,139,80,73,37,1,6,,0,3,"1,228",81.87,7,59,25%,16,53,2,1,13,2,0,0,0,0,0,0.00,0,0,24,8,33%,1,,,,,,,,
613,Jeffrey Schlupp ,Midfielder,24,,,46,78%,,9,31,21,9,,93,134,104,41,26,28,,0,2,461,19.21,2,45,22%,0,38,4,0,15,0,1,0,0,1,0,0.04,0,0,26,6,23%,1,,,,,,,,
614,Kasper Schmeichel ,Goalkeeper,38,15,36,,,,,,,,,,,,,,,0,0,0,"1,146",30.16,,,,,333,2,0,0,,0,,,,,,,,,,,,99,0,22,47,15,46,82,324
615,Morgan Schneiderlin ,Midfielder,29,,,71,70%,,4,74,48,21,,161,114,121,9,19,31,,0,0,"1,459",50.31,0,7,0%,1,100,3,0,52,0,1,0,1,0,0,0.03,0,0,11,1,9%,0,,,,,,,,
616,Mark Schwarzer ,Goalkeeper,0,0,0,,,,,,,,,,,,,,,0,0,0,0,0.00,,,,,0,0,0,0,,0,,,,,,,,,,,,0,0,0,0,0,0,0,0
617,Bastian Schweinsteiger ,Midfielder,18,,,36,69%,,3,23,16,9,,106,81,88,13,16,22,,0,0,"1,067",59.28,0,7,29%,2,64,3,0,19,0,1,1,0,0,0,0.06,0,0,12,3,25%,1,,,,,,,,
618,Ryan Seager ,Forward,0,,,0,,,0,0,0,0,,,,,,,,,,0,0,0.00,0,0,,,,0,0,0,0,0,0,0,0,0,0.00,0,0,0,0,0%,0,,,,,,,,
619,Jerell Sellars ,Midfielder,0,,,0,0%,,0,0,0,0,,0,0,0,0,0,0,,0,0,0,0.00,0,0,0%,0,0,0,0,0,0,0,0,0,0,0,0.00,0,0,0,0,0%,0,,,,,,,,
620,Philippe Senderos ,Defender,0,0,0,0,0%,0,0,0,0,0,0,0,0,0,0,0,0,0,0,0,0,0.00,0,0,0%,0,0,0,0,0,0,0,0,0,0,0,,,,,,,,,,,,,,,
621,Stéphane Sessegnon ,Midfielder,25,,,19,68%,,10,15,6,4,,114,135,144,55,9,28,,0,2,552,22.08,4,94,20%,5,10,1,0,17,2,2,0,2,0,0,0.08,0,0,31,10,32%,0,,,,,,,,
622,Xherdan Shaqiri ,Midfielder,27,,,19,58%,,6,12,3,2,,119,85,134,36,2,13,,0,6,639,23.67,10,170,22%,15,18,3,0,25,8,3,0,1,2,0,0.11,0,0,40,11,28%,3,,,,,,,,
623,Shaun MacDonald ,Midfielder,3,,,0,0%,,0,1,0,0,,2,0,0,0,0,0,,0,0,18,6.00,0,0,0%,0,1,0,0,0,0,0,0,0,0,0,0.00,0,0,0,0,0%,0,,,,,,,,
624,Luke Shaw ,Defender,5,3,3,9,100%,0,0,5,19,13,0,40,32,43,6,14,17,0,0,1,271,54.20,1,13,38%,1,13,1,0,8,1,0,0,0,0,0,,,,,,,,,,,,,,,
625,Ryan Shawcross ,Defender,20,7,26,43,81%,1,2,39,94,38,0,64,101,62,5,50,25,0,0,0,592,29.60,0,1,0%,0,38,2,1,18,3,0,0,0,0,0,,,,,,,,,,,,,,,
626,Ben Sheaf ,Midfielder,0,,,0,0%,,0,0,0,0,,0,0,0,0,0,0,,0,0,0,0.00,0,0,0%,0,0,0,0,0,0,0,0,0,0,0,0.00,0,0,0,0,0%,0,,,,,,,,
627,Jonjo Shelvey ,Midfielder,31,,,37,76%,,20,45,25,11,,181,81,93,25,12,16,,0,5,"1,473",47.52,9,116,25%,11,167,8,0,21,1,1,0,1,0,2,0.03,1,0,56,16,29%,0,,,,,,,,
628,Oliver Shenton ,Midfielder,0,,,0,0%,,0,0,0,0,,0,0,0,0,0,0,,0,0,0,0.00,0,0,0%,0,0,0,0,0,0,0,0,0,0,0,0.00,0,0,0,0,0%,0,,,,,,,,
629,Liam Shephard ,Defender,0,0,0,0,0%,0,0,0,0,0,0,0,0,0,0,0,0,0,0,0,0,0.00,0,0,0%,0,0,0,0,0,0,0,0,0,0,0,,,,,,,,,,,,,,,
630,Steve Sidwell ,Midfielder,1,,,4,75%,,0,0,0,0,,0,5,3,0,1,0,,0,0,6,6.00,0,0,0%,0,0,0,0,1,0,0,0,0,0,0,0.00,0,0,0,0,0%,0,,,,,,,,
631,Gylfi Sigurdsson ,Midfielder,36,,,42,74%,,32,27,15,4,,132,93,163,24,5,27,,0,3,"1,193",33.14,7,167,23%,13,22,6,0,26,4,11,1,9,1,3,0.31,3,2,88,32,36%,4,,,,,,,,
632,David Silva ,Midfielder,24,,,36,69%,,11,16,3,1,,122,110,143,31,9,14,,0,11,"1,386",57.75,5,96,34%,11,50,1,0,19,0,2,0,1,1,1,0.08,0,0,29,4,14%,1,,,,,,,,
633,Jack Simpson ,Defender,0,0,0,0,0%,0,0,0,0,0,0,0,0,0,0,0,0,0,0,0,0,0.00,0,0,0%,0,0,0,0,0,0,0,0,0,0,0,,,,,,,,,,,,,,,
634,Scott Sinclair ,Forward,27,,,13,,,4,9,4,2,,,,,,,,,,0,345,12.78,1,24,,,,0,0,5,9,2,0,2,0,1,0.07,1,0,17,7,41%,2,,,,,,,,
635,Moussa Sissoko ,Midfielder,37,,,54,85%,,11,35,36,21,,225,221,274,83,55,57,,0,7,"1,385",37.43,10,144,28%,6,42,3,0,50,3,1,0,1,0,0,0.03,0,0,38,12,32%,3,,,,,,,,
636,Martin Skrtel ,Defender,22,6,29,23,87%,1,4,41,147,63,0,92,88,53,1,58,29,1,0,0,"1,173",53.32,1,1,0%,0,56,5,0,21,1,1,0,1,0,0,,,,,,,,,,,,,,,
637,Chris Smalling ,Defender,35,17,31,55,71%,1,7,97,180,91,0,194,203,137,12,124,70,1,0,1,"1,533",43.80,1,0,0%,1,104,8,0,47,1,0,0,0,0,2,,,,,,,,,,,,,,,
638,Adam Smith ,Defender,31,6,35,71,83%,0,6,44,49,18,0,125,189,139,46,21,32,0,0,0,911,29.39,1,56,20%,1,36,5,0,33,2,2,0,1,1,0,,,,,,,,,,,,,,,
639,Rubén Sobrino ,Forward,0,,,0,,,0,0,0,0,,,,,,,,,,0,0,0.00,0,0,,,,0,0,0,0,0,0,0,0,0,0.00,0,0,0,0,0%,0,,,,,,,,
640,Dominic Solanke ,Forward,0,,,0,,,0,0,0,0,,,,,,,,,,0,0,0.00,0,0,,,,0,0,0,0,0,0,0,0,0,0.00,0,0,0,0,0%,0,,,,,,,,
641,Roberto Soldado ,Forward,0,,,0,,,0,0,0,0,,,,,,,,,,0,0,0.00,0,0,,,,0,0,0,0,0,0,0,0,0,0.00,0,0,0,0,0%,0,,,,,,,,
642,Son Heung-Min ,Forward,28,,,27,,,13,12,7,3,,,,,,,,,,1,447,15.96,0,14,,,,0,0,12,9,4,0,2,2,1,0.14,0,0,38,13,34%,3,,,,,,,,
643,Alexandre Song ,Midfielder,12,,,41,78%,,2,12,6,1,,73,60,54,7,5,2,,0,0,448,37.33,0,3,0%,1,28,1,0,13,0,0,0,0,0,0,0.00,0,0,6,0,0%,0,,,,,,,,
644,Pape Souaré ,Defender,34,7,45,32,72%,0,3,84,122,26,0,191,105,100,17,26,24,1,0,1,"1,165",34.26,4,137,18%,0,75,6,1,25,1,0,0,0,0,0,,,,,,,,,,,,,,,
645,Julian Speroni ,Goalkeeper,2,0,6,,,,,,,,,,,,,,,0,1,0,64,32.00,,,,,21,0,0,0,,0,,,,,,,,,,,,10,0,1,1,0,1,4,25
646,Raphael Spiegel ,Goalkeeper,0,0,0,,,,,,,,,,,,,,,0,0,0,0,0.00,,,,,0,0,0,0,,0,,,,,,,,,,,,0,0,0,0,0,0,0,0
647,Jindrich Stanek ,Goalkeeper,0,0,0,,,,,,,,,,,,,,,0,0,0,0,0.00,,,,,0,0,0,0,,0,,,,,,,,,,,,0,0,0,0,0,0,0,0
648,Junior Stanislas ,Midfielder,21,,,29,55%,,15,18,11,2,,75,88,102,32,14,29,,0,2,662,31.52,5,96,16%,4,15,1,0,11,3,3,1,2,0,2,0.14,0,0,44,10,23%,2,,,,,,,,
649,Jed Steer ,Goalkeeper,0,0,0,,,,,,,,,,,,,,,0,0,0,0,0.00,,,,,0,0,0,0,,0,,,,,,,,,,,,0,0,0,0,0,0,0,0
650,Maarten Stekelenburg ,Goalkeeper,17,6,19,,,,,,,,,,,,,,,0,0,0,407,23.94,,,,,113,0,0,0,,0,,,,,,,,,,,,31,0,6,14,2,7,58,125
651,Jack Stephens ,Defender,0,0,0,0,0%,0,0,0,0,0,0,0,0,0,0,0,0,0,0,0,0,0.00,0,0,0%,0,0,0,0,0,0,0,0,0,0,0,,,,,,,,,,,,,,,
652,Raheem Sterling ,Forward,31,,,34,,,16,16,3,2,,,,,,,,,,2,846,27.29,2,58,,,,1,0,26,5,6,1,5,0,0,0.19,0,0,52,22,42%,6,,,,,,,,
653,Jamie Sterry ,Defender,1,0,0,0,0%,0,0,0,0,0,0,0,0,0,0,0,0,0,0,0,0,0.00,0,0,0%,0,0,0,0,0,0,0,0,0,0,0,,,,,,,,,,,,,,,
654,Steve Cook ,Defender,36,7,63,33,58%,0,5,84,298,176,0,162,166,98,3,123,64,0,1,0,"1,577",43.81,1,1,0%,0,175,5,0,16,2,4,2,2,0,0,,,,,,,,,,,,,,,
655,Kevin Stewart ,Midfielder,7,,,19,74%,,2,15,14,5,,39,43,27,3,5,4,,0,0,450,64.29,0,1,0%,0,20,1,0,9,0,0,0,0,0,0,0.00,0,0,5,0,0%,0,,,,,,,,
656,Jayden Stockley ,Forward,0,,,0,,,0,0,0,0,,,,,,,,,,0,0,0.00,0,0,,,,0,0,0,0,0,0,0,0,0,0.00,0,0,0,0,0%,0,,,,,,,,
657,John Stones ,Defender,33,8,45,46,78%,1,1,56,127,75,1,180,147,74,23,53,30,0,3,0,"1,566",47.45,4,4,50%,1,144,3,0,11,0,0,0,0,0,0,,,,,,,,,,,,,,,
658,Max Stryjek ,Goalkeeper,0,0,0,,,,,,,,,,,,,,,0,0,0,0,0.00,,,,,0,0,0,0,,0,,,,,,,,,,,,0,0,0,0,0,0,0,0
659,Daniel Sturridge ,Forward,14,,,3,,,6,3,4,3,,,,,,,,,,1,317,22.64,0,11,,,,0,0,2,7,8,3,1,4,2,0.57,0,0,48,23,48%,5,,,,,,,,
660,Mario Suárez ,Midfielder,15,,,21,86%,,3,18,11,5,,68,45,54,10,9,12,,0,0,422,28.13,0,2,0%,1,36,2,0,14,0,0,0,0,0,0,0.00,0,0,8,1,13%,0,,,,,,,,
661,Easah Suliman ,Defender,0,0,0,0,0%,0,0,0,0,0,0,0,0,0,0,0,0,0,0,0,0,0.00,0,0,0%,0,0,0,0,0,0,0,0,0,0,0,,,,,,,,,,,,,,,
662,Andrew Surman ,Midfielder,38,,,51,67%,,10,109,63,31,,240,134,149,16,48,57,,0,3,"2,287",60.18,0,9,22%,5,218,4,0,26,0,0,0,0,0,1,0.00,0,0,17,0,0%,0,,,,,,,,
663,Sam Surridge ,Forward,0,,,0,,,0,0,0,0,,,,,,,,,,0,0,0.00,0,0,,,,0,0,0,0,0,0,0,0,0,0.00,0,0,0,0,0%,0,,,,,,,,
664,Wojciech Szczesny ,Goalkeeper,0,0,0,,,,,,,,,,,,,,,0,0,0,0,0.00,,,,,0,0,0,0,,0,,,,,,,,,,,,0,0,0,0,0,0,0,0
665,Franck Tabanou ,Defender,0,0,0,0,0%,0,0,0,0,0,0,0,0,0,0,0,0,0,0,0,0,0.00,0,0,0%,0,0,0,0,0,0,0,0,0,0,0,,,,,,,,,,,,,,,
666,Dusan Tadic ,Forward,34,,,37,,,19,24,18,2,,,,,,,,,,12,872,25.65,12,201,,,,2,0,25,9,7,0,2,5,1,0.21,1,0,56,16,29%,4,,,,,,,,
667,Shani Tarashaj ,Forward,0,,,0,,,0,0,0,0,,,,,,,,,,0,0,0.00,0,0,,,,0,0,0,0,0,0,0,0,0,0.00,0,0,0,0,0%,0,,,,,,,,
668,Matt Targett ,Defender,14,6,10,20,80%,0,1,26,33,11,0,61,53,40,5,16,13,0,0,1,404,28.86,0,44,25%,1,40,1,0,4,1,0,0,0,0,0,,,,,,,,,,,,,,,
669,Steven Taylor ,Defender,10,2,17,3,67%,0,1,17,37,18,0,33,16,15,2,7,8,1,0,0,324,32.40,0,0,0%,0,16,1,0,3,0,0,0,0,0,0,,,,,,,,,,,,,,,
670,Dominic Telford ,Forward,0,,,0,,,0,0,0,0,,,,,,,,,,0,0,0.00,0,0,,,,0,0,0,0,0,0,0,0,0,0.00,0,0,0,0,0%,0,,,,,,,,
671,John Terry ,Defender,24,6,34,21,81%,0,3,38,88,46,0,90,77,42,2,49,22,1,0,0,924,38.50,0,0,0%,1,32,2,2,10,2,1,0,1,0,0,,,,,,,,,,,,,,,
672,Alexander Tettey ,Midfielder,23,,,48,58%,,3,42,51,33,,164,101,103,15,31,24,,0,0,"1,064",46.26,0,2,0%,0,70,10,0,39,0,2,0,1,1,0,0.09,0,0,20,3,15%,0,,,,,,,,
673,Florian Thauvin ,Midfielder,13,,,8,75%,,3,7,2,0,,30,36,46,11,2,9,,0,0,172,13.23,1,47,11%,2,3,1,0,5,2,0,0,0,0,0,0.00,0,0,8,1,13%,0,,,,,,,,
674,Thomas Robson ,Defender,1,0,2,4,50%,0,0,1,3,0,0,5,9,4,2,2,1,0,0,0,36,36.00,0,1,0%,0,3,0,0,0,0,0,0,0,0,0,,,,,,,,,,,,,,,
675,Louis Thompson ,Midfielder,0,,,0,0%,,0,0,0,0,,0,0,0,0,0,0,,0,0,0,0.00,0,0,0%,0,0,0,0,0,0,0,0,0,0,0,0.00,0,0,0,0,0%,0,,,,,,,,
676,Tiago Ilori ,Defender,0,0,0,0,0%,0,0,0,0,0,0,0,0,0,0,0,0,0,0,0,0,0.00,0,0,0%,0,0,0,0,0,0,0,0,0,0,0,,,,,,,,,,,,,,,
677,Dwight Tiendalli ,Defender,0,0,0,0,0%,0,0,0,0,0,0,0,0,0,0,0,0,0,0,0,0,0.00,0,0,0%,0,0,0,0,0,0,0,0,0,0,0,,,,,,,,,,,,,,,
678,Harry Toffolo ,Defender,0,0,0,0,0%,0,0,0,0,0,0,0,0,0,0,0,0,0,0,0,0,0.00,0,0,0%,0,0,0,0,0,0,0,0,0,0,0,,,,,,,,,,,,,,,
679,Ola Toivonen ,Forward,12,,,10,,,3,8,6,1,,,,,,,,,,2,254,21.17,1,1,,,,1,0,9,0,0,0,0,0,0,0.00,0,0,7,1,14%,1,,,,,,,,
680,Tom Beadling ,Midfielder,0,,,0,0%,,0,0,0,0,,0,0,0,0,0,0,,0,0,0,0.00,0,0,0%,0,0,0,0,0,0,0,0,0,0,0,0.00,0,0,0,0,0%,0,,,,,,,,
681,James Tomkins ,Defender,25,8,24,62,68%,0,1,54,101,45,0,118,116,64,5,34,20,0,2,0,835,33.40,2,15,27%,0,67,4,0,17,0,0,0,0,0,0,,,,,,,,,,,,,,,
682,Lee Tomlin ,Forward,6,,,6,,,1,2,1,0,,,,,,,,,,0,116,19.33,1,2,,,,1,0,2,0,0,0,0,0,0,0.00,0,0,5,3,60%,0,,,,,,,,
683,Fikayo Tomori ,Defender,1,0,1,1,0%,0,0,0,3,1,0,2,1,1,0,0,1,0,0,0,13,13.00,0,0,0%,0,1,0,0,0,0,0,0,0,0,0,,,,,,,,,,,,,,,
684,Kevin Toner ,Defender,4,1,9,10,50%,0,0,9,18,8,0,7,24,11,0,10,3,0,0,1,97,24.25,0,1,0%,0,7,0,0,2,0,0,0,0,0,0,,,,,,,,,,,,,,,
685,Aleksandar Tonev ,Midfielder,0,,,0,0%,,0,0,0,0,,0,0,0,0,0,0,,0,0,0,0.00,0,0,0%,0,0,0,0,0,0,0,0,0,0,0,0.00,0,0,0,0,0%,0,,,,,,,,
686,Ivan Toney ,Forward,2,,,0,,,0,0,0,0,,,,,,,,,,0,3,1.50,0,0,,,,0,0,0,0,0,0,0,0,0,0.00,0,0,0,0,0%,0,,,,,,,,
687,Fernando Torres ,Forward,0,,,0,,,0,0,0,0,,,,,,,,,,0,0,0.00,0,0,,,,0,0,0,0,0,0,0,0,0,0.00,0,0,0,0,0%,0,,,,,,,,
688,Tosin Adarabioyo ,Defender,0,0,0,0,0%,0,0,0,0,0,0,0,0,0,0,0,0,0,0,0,0,0.00,0,0,0%,0,0,0,0,0,0,0,0,0,0,0,,,,,,,,,,,,,,,
689,Yaya Touré ,Midfielder,32,,,43,63%,,27,25,35,26,,158,155,162,58,28,33,,0,5,"1,838",57.44,5,12,25%,20,108,3,0,27,2,6,0,3,3,1,0.19,1,0,77,23,30%,5,,,,,,,,
690,Andros Townsend ,Midfielder,16,,,29,83%,,8,11,10,1,,65,73,106,31,0,8,,0,2,392,24.50,5,87,20%,0,4,0,0,7,0,4,0,0,4,2,0.25,0,1,29,16,55%,0,,,,,,,,
691,Adama Traoré ,Forward,10,,,1,,,1,0,0,0,,,,,,,,,,1,30,3.00,0,21,,,,1,0,4,0,0,0,0,0,0,0.00,0,0,2,0,0%,0,,,,,,,,
692,Gerhard Tremmel ,Goalkeeper,0,0,0,,,,,,,,,,,,,,,0,0,0,0,0.00,,,,,0,0,0,0,,0,,,,,,,,,,,,0,0,0,0,0,0,0,0
693,Kieran Trippier ,Defender,6,1,4,14,86%,0,0,11,12,6,0,29,36,20,3,11,8,0,0,1,265,44.17,0,34,21%,0,11,1,0,3,0,1,0,1,0,0,,,,,,,,,,,,,,,
694,Axel Tuanzebe ,Defender,0,0,0,0,0%,0,0,0,0,0,0,0,0,0,0,0,0,0,0,0,0,0.00,0,0,0%,0,0,0,0,0,0,0,0,0,0,0,,,,,,,,,,,,,,,
695,Jordan Turnbull ,Defender,0,0,0,0,0%,0,0,0,0,0,0,0,0,0,0,0,0,0,0,0,0,0.00,0,0,0%,0,0,0,0,0,0,0,0,0,0,0,,,,,,,,,,,,,,,
696,Michael Turner ,Defender,0,0,0,0,0%,0,0,0,0,0,0,0,0,0,0,0,0,0,0,0,0,0.00,0,0,0%,0,0,0,0,0,0,0,0,0,0,0,,,,,,,,,,,,,,,
697,Leonardo Ulloa ,Forward,29,,,27,,,5,7,21,12,,,,,,,,,,2,399,13.76,2,9,,,,0,0,20,6,6,2,3,1,0,0.21,1,0,33,10,30%,5,,,,,,,,
698,Enes Ünal ,Forward,0,,,0,,,0,0,0,0,,,,,,,,,,0,0,0.00,0,0,,,,0,0,0,0,0,0,0,0,0,0.00,0,0,0,0,0%,0,,,,,,,,
699,Luis Antonio Valencia ,Defender,14,4,6,27,78%,0,3,15,18,7,0,57,67,42,16,18,8,0,0,3,584,41.71,1,35,26%,1,22,1,0,16,2,0,0,0,0,0,,,,,,,,,,,,,,,
700,Patrick van Aanholt ,Defender,33,6,56,85,80%,2,7,63,102,23,1,220,157,117,46,14,16,0,1,3,"1,067",32.33,4,56,21%,1,46,2,0,16,4,4,0,0,4,2,,,,,,,,,,,,,,,
701,Virgil van Dijk ,Defender,34,10,36,59,75%,1,4,96,260,152,0,163,249,103,16,163,58,0,0,0,"1,388",40.82,3,2,50%,0,119,2,0,28,2,3,1,0,2,5,,,,,,,,,,,,,,,
702,Marco van Ginkel ,Midfielder,17,,,28,68%,,4,22,16,5,,34,55,53,5,13,13,,0,0,372,21.88,0,10,10%,0,17,0,0,14,0,0,0,0,0,1,0.00,0,0,12,2,17%,1,,,,,,,,
703,Ricky van Wolfswinkel ,Forward,0,,,0,,,0,0,0,0,,,,,,,,,,0,0,0.00,0,0,,,,0,0,0,0,0,0,0,0,0,0.00,0,0,0,0,0%,0,,,,,,,,
704,Jamie Vardy ,Forward,36,,,35,,,22,18,7,4,,,,,,,,,,6,625,17.36,11,49,,,,5,1,42,26,24,2,18,4,6,0.67,5,0,115,53,46%,22,,,,,,,,
705,Guillermo Varela ,Defender,4,1,4,13,77%,0,0,13,6,3,0,26,25,28,4,1,6,0,0,0,146,36.50,0,7,14%,0,11,1,0,5,0,0,0,0,0,0,,,,,,,,,,,,,,,
706,Jordan Veretout ,Midfielder,25,,,32,72%,,7,27,15,0,,105,80,103,11,11,27,,1,5,991,39.64,2,109,31%,2,50,4,0,19,1,0,0,0,0,0,0.00,0,0,19,6,32%,0,,,,,,,,
707,Santiago Vergini ,Defender,0,0,0,0,0%,0,0,0,0,0,0,0,0,0,0,0,0,0,0,0,0,0.00,0,0,0%,0,0,0,0,0,0,0,0,0,0,0,,,,,,,,,,,,,,,
708,Jan Vertonghen ,Defender,29,9,29,48,75%,0,4,63,174,98,0,126,134,63,13,54,36,1,0,0,"1,474",50.83,0,2,100%,0,102,5,0,17,0,0,0,0,0,0,,,,,,,,,,,,,,,
709,Josh Vickers ,Goalkeeper,0,0,0,,,,,,,,,,,,,,,0,0,0,0,0.00,,,,,0,0,0,0,,0,,,,,,,,,,,,0,0,0,0,0,0,0,0
710,Víctor Ibarbo ,Forward,4,,,2,,,0,0,2,2,,,,,,,,,,0,21,5.25,0,3,,,,0,0,2,0,0,0,0,0,0,0.00,0,0,0,0,0%,0,,,,,,,,
711,Michel Vorm ,Goalkeeper,1,0,1,,,,,,,,,,,,,,,0,0,0,45,45.00,,,,,8,0,0,0,,0,,,,,,,,,,,,1,0,0,1,0,0,4,7
712,Matej Vydra ,Forward,0,,,0,,,0,0,0,0,,,,,,,,,,0,0,0.00,0,0,,,,0,0,0,0,0,0,0,0,0,0.00,0,0,0,0,0%,0,,,,,,,,
713,Josh Wakefield ,Midfielder,0,,,0,0%,,0,0,0,0,,0,0,0,0,0,0,,0,0,0,0.00,0,0,0%,0,0,0,0,0,0,0,0,0,0,0,0.00,0,0,0,0,0%,0,,,,,,,,
714,Theo Walcott ,Forward,28,,,11,,,8,14,8,1,,,,,,,,,,2,310,11.07,2,20,,,,0,0,3,13,5,0,3,2,0,0.18,0,0,45,22,49%,11,,,,,,,,
715,Kyle Walker ,Defender,33,12,28,87,82%,0,8,92,106,53,0,209,183,127,17,52,25,1,1,3,"1,250",37.88,5,78,23%,1,77,7,0,29,3,1,0,1,0,0,,,,,,,,,,,,,,,
716,Kyle Walker-Peters ,Defender,0,0,0,0,0%,0,0,0,0,0,0,0,0,0,0,0,0,0,0,0,0,0.00,0,0,0%,0,0,0,0,0,0,0,0,0,0,0,,,,,,,,,,,,,,,
717,Jonathan Walters ,Forward,27,,,8,,,4,5,26,15,,,,,,,,,,3,492,18.22,4,36,,,,1,0,14,25,5,1,4,0,0,0.19,0,0,32,13,41%,4,,,,,,,,
718,Victor Wanyama ,Midfielder,30,,,94,76%,,7,68,62,25,,250,209,189,23,64,68,,1,1,"1,352",45.07,2,7,0%,0,81,4,3,50,1,1,0,1,0,0,0.03,0,0,31,5,16%,0,,,,,,,,
719,Elliott Ward ,Defender,0,0,0,0,0%,0,0,0,0,0,0,0,0,0,0,0,0,0,0,0,0,0.00,0,0,0%,0,0,0,0,0,0,0,0,0,0,0,,,,,,,,,,,,,,,
720,James Ward-Prowse ,Midfielder,33,,,14,79%,,9,22,37,22,,89,37,78,6,10,18,,0,4,699,21.18,6,93,27%,3,28,5,0,21,1,2,0,2,0,1,0.06,1,1,28,7,25%,1,,,,,,,,
721,Marcin Wasilewski ,Defender,4,0,6,10,60%,0,0,9,17,6,0,9,18,14,0,8,5,0,0,0,73,18.25,0,0,0%,0,4,2,0,4,0,0,0,0,0,0,,,,,,,,,,,,,,,
722,Bradley Watkins ,Goalkeeper,0,0,0,,,,,,,,,,,,,,,0,0,0,0,0.00,,,,,0,0,0,0,,0,,,,,,,,,,,,0,0,0,0,0,0,0,0
723,Duncan Watmore ,Forward,23,,,7,,,2,2,4,3,,,,,,,,,,1,156,6.78,1,23,,,,0,0,5,9,3,0,2,1,0,0.13,0,0,14,8,57%,2,,,,,,,,
724,Ryan Watson ,Midfielder,0,,,0,0%,,0,0,0,0,,0,0,0,0,0,0,,0,0,0,0.00,0,0,0%,0,0,0,0,0,0,0,0,0,0,0,0.00,0,0,0,0,0%,0,,,,,,,,
725,James Weir ,Midfielder,1,,,0,0%,,0,0,0,0,,0,0,0,0,0,0,,0,0,0,0.00,0,0,0%,0,0,0,0,0,0,0,0,0,0,0,0.00,0,0,0,0,0%,0,,,,,,,,
726,Danny Welbeck ,Forward,11,,,11,,,4,2,6,6,,,,,,,,,,2,148,13.45,1,2,,,,1,0,6,0,4,2,2,0,1,0.36,0,0,20,11,55%,3,,,,,,,,
727,Sam Westley ,Defender,0,0,0,0,0%,0,0,0,0,0,0,0,0,0,0,0,0,0,0,0,0,0.00,0,0,0%,0,0,0,0,0,0,0,0,0,0,0,,,,,,,,,,,,,,,
728,Ashley Westwood ,Midfielder,32,,,62,69%,,11,58,23,7,,207,87,122,8,6,20,,0,2,"1,512",47.25,4,94,36%,1,115,6,0,30,0,2,0,2,0,0,0.06,0,0,38,9,24%,1,,,,,,,,
729,Glenn Whelan ,Midfielder,37,,,71,72%,,5,73,99,47,,286,139,127,10,40,31,,0,1,"2,070",55.95,1,25,20%,2,105,6,0,25,0,0,0,0,0,0,0.00,0,0,11,3,27%,0,,,,,,,,
730,Steven Whittaker ,Defender,8,0,16,12,83%,0,2,7,23,12,0,28,23,36,5,3,7,0,0,0,304,38.00,0,15,20%,0,13,1,1,7,0,1,0,1,0,0,,,,,,,,,,,,,,,
731,Connor Wickham ,Forward,21,,,13,,,6,4,20,15,,,,,,,,,,3,387,18.43,1,11,,,,1,0,32,2,5,0,2,3,2,0.24,1,0,34,9,26%,4,,,,,,,,
732,Rhoys Wiggins ,Defender,0,0,0,0,0%,0,0,0,0,0,0,0,0,0,0,0,0,0,0,0,0,0.00,0,0,0%,0,0,0,0,0,0,0,0,0,0,0,,,,,,,,,,,,,,,
733,Georginio Wijnaldum ,Midfielder,38,,,38,84%,,13,27,16,10,,228,164,177,50,25,43,,0,5,"1,252",32.95,5,34,24%,3,38,1,0,16,5,11,4,7,0,0,0.29,1,0,54,29,54%,7,,,,,,,,
734,Ro-Shaun Williams ,Defender,0,0,0,0,0%,0,0,0,0,0,0,0,0,0,0,0,0,0,0,0,0,0.00,0,0,0%,0,0,0,0,0,0,0,0,0,0,0,,,,,,,,,,,,,,,
735,Mike Williamson ,Defender,0,0,0,0,0%,0,0,0,0,0,0,0,0,0,0,0,0,0,0,0,0,0.00,0,0,0%,0,0,0,0,0,0,0,0,0,0,0,,,,,,,,,,,,,,,
736,Willian ,Forward,35,,,42,,,19,20,5,1,,,,,,,,,,6,"1,500",42.86,9,233,,,,5,0,27,3,5,0,4,1,0,0.14,0,2,60,20,33%,2,,,,,,,,
737,Chris Willock ,Forward,0,,,0,0%,,0,0,0,0,,0,0,0,0,0,0,,0,0,0,0.00,0,0,0%,0,0,0,0,0,0,0,0,0,0,0,0.00,0,0,0,0,0%,0,,,,,,,,
738,Jack Wilshere ,Midfielder,3,,,3,67%,,0,2,3,1,,12,15,10,6,2,2,,0,0,83,27.67,0,0,0%,1,0,0,0,1,0,0,0,0,0,1,0.00,0,0,1,0,0%,1,,,,,,,,
739,Callum Wilson ,Forward,13,,,5,,,6,1,1,1,,,,,,,,,,0,131,10.08,2,5,,,,0,0,12,4,5,0,5,0,1,0.38,1,0,17,8,47%,0,,,,,,,,
740,Kevin Wimmer ,Defender,10,4,6,5,60%,0,0,20,49,23,1,43,17,25,0,9,8,0,0,0,541,54.10,0,0,0%,0,46,2,0,12,0,0,0,0,0,0,,,,,,,,,,,,,,,
741,Harry Winks ,Midfielder,0,,,0,0%,,0,0,0,0,,0,0,0,0,0,0,,0,0,0,0.00,0,0,0%,0,0,0,0,0,0,0,0,0,0,0,0.00,0,0,0,0,0%,0,,,,,,,,
742,Andre Wisdom ,Defender,10,1,15,19,84%,0,1,8,23,12,0,53,40,27,8,10,10,0,0,0,307,30.70,1,25,16%,0,13,1,0,3,0,0,0,0,0,0,,,,,,,,,,,,,,,
743,Philipp Wollscheid ,Defender,31,10,43,74,70%,1,1,75,164,83,0,136,172,90,11,71,42,0,1,0,"1,220",39.35,0,0,0%,0,89,2,0,17,0,0,0,0,0,0,,,,,,,,,,,,,,,
744,Freddie Woodman ,Goalkeeper,0,0,0,,,,,,,,,,,,,,,0,0,0,0,0.00,,,,,0,0,0,0,,0,,,,,,,,,,,,0,0,0,0,0,0,0,0
745,Richard Wright ,Goalkeeper,0,0,0,,,,,,,,,,,,,,,0,0,0,0,0.00,,,,,0,0,0,0,,0,,,,,,,,,,,,0,0,0,0,0,0,0,0
746,Claudio Yacob ,Midfielder,34,,,108,67%,,5,118,66,34,,202,201,188,9,47,39,,1,1,"1,092",32.12,1,8,25%,0,63,8,0,62,0,0,0,0,0,1,0.00,0,0,9,0,0%,0,,,,,,,,
747,DeAndre Yedlin ,Defender,23,6,26,39,74%,0,0,25,89,31,1,81,97,84,22,24,30,0,0,1,519,22.57,2,41,17%,0,21,2,0,21,0,0,0,0,0,0,,,,,,,,,,,,,,,
748,Maya Yoshida ,Defender,20,4,18,13,62%,2,0,33,67,24,0,69,40,29,0,22,10,0,3,0,485,24.25,0,7,14%,0,42,0,0,7,0,1,0,1,0,0,,,,,,,,,,,,,,,
749,Ashley Young ,Defender,18,2,18,20,70%,0,3,26,18,1,0,72,64,60,12,12,6,0,0,2,566,31.44,2,77,14%,1,36,5,0,15,2,1,0,1,0,0,,,,,,,,,,,,,,,
750,Pablo Zabaleta ,Defender,13,3,16,43,72%,0,2,25,35,16,0,47,73,59,3,18,14,0,0,1,575,44.23,1,19,0%,0,13,3,0,15,2,0,0,0,0,0,,,,,,,,,,,,,,,
751,Wilfried Zaha ,Forward,34,,,46,,,9,26,7,2,,,,,,,,,,1,554,16.29,6,118,,,,5,0,40,8,2,0,2,0,1,0.06,0,0,32,9,28%,3,,,,,,,,
752,Mauro Zárate ,Forward,15,,,25,,,7,7,8,0,,,,,,,,,,0,263,17.53,1,61,,,,1,0,12,0,3,0,3,0,2,0.20,0,1,29,11,38%,1,,,,,,,,
753,Gedion Zelalem ,Midfielder,0,,,0,0%,,0,0,0,0,,0,0,0,0,0,0,,0,0,0,0.00,0,0,0%,0,0,0,0,0,0,0,0,0,0,0,0.00,0,0,0,0,0%,0,,,,,,,,
754,Kurt Zouma ,Defender,23,8,26,30,73%,0,3,36,123,52,0,68,107,49,4,67,28,0,0,1,736,32.00,1,4,25%,0,37,0,0,9,2,1,1,0,0,1,,,,,,,,,,,,,,,
755,Stéphane Zubar ,Defender,0,0,0,0,0%,0,0,0,0,0,0,0,0,0,0,0,0,0,0,0,0,0.00,0,0,0%,0,0,0,0,0,0,0,0,0,0,0,,,,,,,,,,,,,,,
756,Bruno Zuculini ,Midfielder,0,,,0,0%,,0,0,0,0,,0,0,0,0,0,0,,0,0,0,0.00,0,0,0%,0,0,0,0,0,0,0,0,0,0,0,0.00,0,0,0,0,0%,0,,,,,,,,
